"HolderAddress","Balance","PendingBalanceUpdate"
"0x005cc9332ccb7aedc5d5a0648f2926c5a9ad5eb3","12.9570569987419","No"
"0x0141fe1110c12563dbe4e6161a1bc29af98ea1a7","0.00542116576945452","No"
"0x01563726b7451bc9d704c8841383566f3fa1eb30","14.3002169209658","No"
"0x0167503643d723ade27404a5a114327a87090148","0.00920707248471197","No"
"0x018004d80f50ba8950c6fb5c2b401691e16b3627","0.0028914986214596","No"
"0x022607de18ff02f02c38012829e52e41b6956593","0.00574666300833647","No"
"0x026340f9563db824885e419c91b45f07c6329ffe","2.91757008677497","No"
"0x02cb7d03df28420027ac8db022328e00d2789dc4","12.0450724860817","No"
"0x031f5e74d1ec10d2201b573e5336b7926819b016","0.00653827637990491","No"
"0x036d6794fdde4b5c4ed216503d0717783df900aa","4.58812600995697","No"
"0x040914f81f9146cd298246b6fa75bb995f7be9c0","60","No"
"0x0428d78dfb88bea4909939b17406351ea90f6b4c","0.00964553812627359","No"
"0x04583e7b1a7f3bf06c45382065f7bd0a8741627d","63.846389787042","No"
"0x049d5ec467e867cdc02e4ca76aa9f6eea7934080","0.00419207537488949","No"
"0x04a9e1cf6f2266af24aec33d83c1d45d3044b84e","0.00294762305886706","No"
"0x05ab27b6df1877762f6d0a2af71ffb980ed86219","8.4435824115991E-05","No"
"0x05e9ee0fbf5e4250a1fb19d6af2d2bdf7c9212ea","0.00251748238132269","No"
"0x069ce28d79c9c379f5d1ef6eeb87d7596d9aaf80","7.40275351829602","No"
"0x06bb3e414691b7409e879ed18f4eaad547b1f0e4","0.3170002284558","No"
"0x06d16c357699e4d1da6ab16956c48e4254ec0414","0.0097791972827212","No"
"0x07d4b4205b34ff1abe72f09a85abbe905a395e3d","0.00212623363629377","No"
"0x0947b82b5edee8eb56a3945581cdc331db95eede","0.0047667174653947","No"
"0x09f49defc5972fd5528058b6637e0ed013623319","0.00548907202227952","No"
"0x0a32bef54e77f9ea5b4515fef6a0b2554b7f3836","19.77","No"
"0x0a48c3a67c7dda56ad486f3cd03304ae04b50db8","0.00773022453363222","No"
"0x0a5cfcbc1f977a61bf03e45251ae84c7271dec97","1429.63000000377","No"
"0x0b3e3e1946339421239e8a59c3f4fbad7f209b1a","36.7794934866326","No"
"0x0b4d342b113f15c5eeefc5f28f2a529aedfe58de","0.00681305829582679","No"
"0x0b9fdf02f3d0279322edcbfaf8281a6b8b53b318","0.205498111753661","No"
"0x0bcd8f0c9f41577421fdd261758d431b409e9c6e","0.523712814921407","No"
"0x0c8a7d80a742d505bacfde983494b7084c05e04d","16.7329622847343","No"
"0x0da2a82ed2c387d1751ccbaf999a80b65bdb269e","0.017429567338569","No"
"0x0e2762ff8a3ea426f5f2a95628fb12af8443c38c","0.00295469860793783","No"
"0x0ecbbd2fdbcd4dca1cfa7b9c3ff292605dfc3efe","41.0145031880801","No"
"0x0ef84643325cc0cc0be9f2d8dd5576a0f5a0e4ea","0.00296788750322634","No"
"0x0fbf5b87bde5b99906a0a80f7a5efc64ddd2a4c3","0.00551945525763709","No"
"0x1111111254eeb25477b68fb85ed929f73a960582","1E-18","No"
"0x11768572a6ca8c0323b67b4964293b05eba2ef98","13.9702405091732","No"
"0x11b82a90b3ba3ae5c7d430980ca10e8ce208c1c3","4568.55736822874","No"
"0x11ddd59c33c73c44733b4123a86ea5ce57f6e854","1E-18","No"
"0x123399e82844c374e3f0d40d3709654ed40585bc","0.0089168563781685","No"
"0x130787e55a6e4f4b5ce0badbc107c3f8cf59c81e","0.007","No"
"0x131425608fbec62c3a9f2566df762ae88bfbfb2a","2.761902774186E-06","No"
"0x13a37a9c400d0519139aa9790cb54e9fd31c9fa3","4.15451253427558","No"
"0x140af88c4fe58cfce2004a13d34111f0c5801b0a","37.0261941609734","No"
"0x14855dcad747119db49d47c690bf4ad4d89ffa12","26.7441270760143","No"
"0x153f37501bac13efdf90d799e16a28eb9685bd5c","0.00119832287145745","No"
"0x15e5035f476a94b3fdebc13f2f8d641ea598912b","0.018046191679344","No"
"0x15f8686ce5767b44c5e9870ef09308e3b8888365","1.03152987299163","No"
"0x160514c0428969130deb52683d10c7e28bc61536","0.00824254489002413","No"
"0x17263e42247b22f3454ef0085592e06263478f27","0.000471039928374847","No"
"0x17b4ee0d0dcbcf43013a97d0a73d079195b7e214","2.22641369127475","No"
"0x184abefbdca24ce0dd964a74f6d5e69ce44d9579","1.10759485946648","No"
"0x1858c0c5c0a5e18232b22ced0095b7e3dd8a7edc","0.00749641851297769","No"
"0x18be345f211c3940146c3a70b51eec2af73e41f3","0.00649768589760103","No"
"0x197f4c3cc2c89a0f4c4e2443c453f29ecdf67d4b","0.00108449703769","No"
"0x19dcb05bdc5226eea5d908db0dfc94e3bd755b50","0.00153790078282685","No"
"0x1a07eaaf78ceffd17f15d06373a1e3a75daf9d85","1.57506E-13","No"
"0x1a400eba06880610c672dae33a17a2bd66e30cdd","2391.28429364936","No"
"0x1abaa7667947cdb50c4566d278c8398f007954e5","20.1479383488682","No"
"0x1b2cc095d6cfaf099a63659cd3787e1021460e73","8.20278922947E-07","No"
"0x1b6bc9e65eb854923ff373e30bae3a542c982bf3","0.00482899851835194","No"
"0x1ba899a4c9f9070be7fb60f285b6ba8e1b42ab04","0.00416343684646856","No"
"0x1c8098f19030d4de2dec4db54239343607065807","0.00489420540872272","No"
"0x1d030335db0accb7eb38f7884a6123699a119eef","215.95","No"
"0x1ea7f91efaeb0f2d2dd28f3c368fc35508df02f4","0.429150724008826","No"
"0x1f88d0f55931fdc1dd95a714bdf7208ef9b4ab4f","501.193526763164","No"
"0x1f8f580ed3b2a7a0c4b7dc0a65e4dfa0de500dbd","396.35","No"
"0x1fc27d338116b7c24085196d379683f69b704c3e","0.205568","No"
"0x20330ecccb38aeb1ed704bf38e7b40677fc98e36","0.00453151638768377","No"
"0x215dde5bc1287665792d03637ebf942e797c9bc0","0.00972808902655729","No"
"0x2163072ec749b2496bf33e32a96aa340efa6acc3","0.000357148436655983","No"
"0x222e36410eebd62de51ad8d2020a837d48da2d15","0.0156560982597441","No"
"0x22582fc6374e1891c7e96f260cc6de0cd3f175f8","8.89810985531934","No"
"0x2260e1d5a7f3cc7770a5931917330bd54af6e606","0.00327473260540157","No"
"0x22f6cd703e4e58f5e6d01b0c281572bee196e62d","0.00103092408706293","No"
"0x2319ad98c36dfbcd5e99a99685b317a71e14fcb6","0.00162619891365933","No"
"0x2346d15d5845c4b3609e6c938cd133e77cd5407b","0.00866727541819423","No"
"0x23f2d3944e50a70069960fbed023f8e90cf6baf0","198.22","No"
"0x2495d0e621b8f3895ebe0ee2987edb9a193fbbce","3.71249449146918","No"
"0x24978bc3cff067fd9448da78632f1026cd93612f","0.00631314876033921","No"
"0x24a835745303bf940cb6e4aaea6bcd869c105587","2500","No"
"0x28eed0c1514c91a47c641e8c88229ae4bb73f39c","248.569396393435","No"
"0x290226b6b5c6daae68a57e626481e7caf900f754","2.51290963890422","No"
"0x29920a39e695b45f693139382e90ead7ad9cae18","10.3029556744822","No"
"0x2afaedcb309be8be79502747c507ab18ed0d794d","25.6675768092419","No"
"0x2b3575801eec95ebb8d7f9050a254568143715ec","119.142124099167","No"
"0x2db46efbb88befa4148ee8a6b6eda59206adf036","0.00425715054587316","No"
"0x2e20c6b88bac6093c7899bf904f21e18fa5e8030","0.00608060406593057","No"
"0x2f3590d1de81bcf2a893e0b0fe416e75a44ca15a","25.9476259006298","No"
"0x301f9d47cc5072cd5653fdb01669a5216ff67a75","6.46968205308E-06","No"
"0x3112e8059368ef351afb13162095d52494743e9d","0.00553863494067194","No"
"0x3137a811537c7cf747801a1b1f6fe74f6cf67181","0.00905889491651547","No"
"0x3192fa5d33c0c66823ab0be7235ac24205ae05f7","0.00459762358342543","No"
"0x319899c1bedc944139aea8c9ffd7f7e6694608ba","0.00679032811112255","No"
"0x31bcbdb17df8168b15d9fb898a15da242d29f86b","0.00905122467705943","No"
"0x326a281f2b77ae01c2560a2c3c51f6c75c705e54","0.00251536384668809","No"
"0x337ae1df5d2b9fa445d8ef8deee9068a289513f2","5.36094398122595","No"
"0x33afedd3ae8c642027c4c4b947aa4266ed7f2d34","0.115119680381315","No"
"0x3491360d98559ec4146fec5b9886d7f9f3762503","0.00284868267250916","No"
"0x353c1f0bc78fbbc245b3c93ef77b1dcc5b77d2a0","0.0241294661150326","No"
"0x3555d437625b2cf2fa5679138e98938e8be2b633","1715.58328421053","No"
"0x358287bf1881860d44d558fa5716d1c26ea73a54","0.000792894509720138","No"
"0x35ac85c14be0acc68870348f33b150364af35303","0.46875","No"
"0x36195f583d288ace3585a37bfb9076096f9119b5","53.1526396370938","No"
"0x36375524832a4c4b43225979593b028a8e88ed39","0.00204507080215908","No"
"0x37d59f58fd9a5a8cfb90e389c1250c0597d6c4f3","18.1650715282282","No"
"0x38acab6cd36b2be796970e79dd3be224175a8d59","844.41","No"
"0x39b4cc35f290f3014f64376a7c32ba7aca27d1c7","0.00195101998776259","No"
"0x3a4b9a686cf13cbeea895ce06d9a97126423bd3e","75.0900000000001","No"
"0x3a53a8d03cfbd618503342b20b2013d16b9cc370","57.110140138135","No"
"0x3a6e5df38cb29abfef43250bd58e8bdd5d21ad09","0.00812692772475244","No"
"0x3be54703a235a4eddfa2ec1549c135674bf1391c","0.010234155977109","No"
"0x3c522a3dba5a57e4944a737977c683853fe20f4b","7.0623812899626","No"
"0x3c72ea8ab905ce49877ef119e3cef5c42a52d325","0.00168603455505068","No"
"0x3ce36ef07d50f9f18275d2dc207519292ef65718","0.00310431001014503","No"
"0x3d8a8980ac68554da0af80972ab992628b500808","0.0056257234938831","No"
"0x3da8ba33e9b4d4a0cf29cf8ecb0c2b8371bcd389","0.00309446832237668","No"
"0x3e62d364e3f86b77a628ed108f82f72abf55ea60","0.00902097523632145","No"
"0x3ee57b42837affcc35e1acaca57599441e5cc137","0.00923470981049412","No"
"0x3f1c1a5d1fcc778f8a01d997d91c974762514fe1","0.00755462139457796","No"
"0x3fdb50f723ceb370470d314ed05c22d7359be529","2994.4631156418","No"
"0x4017302a71bd4d77436008d207f559f437fe14df","1.10104678197346","No"
"0x40e131c84dc5d7aadd69ee7df1fa54fd162cfa06","5.509611972918","No"
"0x40f49aed83ca8370f299820591488c99ada0801b","0.00762562379105358","No"
"0x40f61a408d6f05e74c454df0542754ed2232f48c","0.00199049273033085","No"
"0x423bf3038eaee9cb3880dddc44b8aaa543aa5b4a","2201.21449030011","No"
"0x4266c64ea38c1103052ebbdc99bc90ad63557c2f","19.4889802751097","No"
"0x43100110e5545feff82dff59d917e26dc7c48def","0.0750834084530382","No"
"0x43941e40e7b9b1a3a4399519af7ed24ee5b66e29","0.00721569413356511","No"
"0x43a2a720cd0911690c248075f4a29a5e7716f758","0.295470170123576","No"
"0x445816ac3e78d1b0547b4642b373a88ad875cc8a","618366.771721837","No"
"0x44ad8d349f05104fdf5ea5a0df4bd51206cdd74f","1300.19","No"
"0x4532c73d6af0e2059a1da8211a4cebda4b035d65","0.401036078927797","No"
"0x45e5d313030be8e40fceb8f03d55300da6a8799e","66.5706767037971","No"
"0x46f5a984ff687f49583cf1630359b65fc1ad0d8b","0.00266978484272782","No"
"0x49f3bc9dc15f5eb5df4fcc7f0332ec0512ababcb","0.00346785233075859","No"
"0x4a049a4b9f4404670c5f63cb4ca14fcbf9ae784d","140.122140040801","No"
"0x4a183b7ed67b9e14b3f45abfb2cf44ed22c29e54","0.547647310736372","No"
"0x4a525423fb1285770c1d77feff155d01fe33e6c3","44.1278804529354","No"
"0x4afffa8f9ba82330dac0108825b9d4ce2bd00aa6","0.000531380500849774","No"
"0x4da3541c06cbb74d2ab2ec28ced6381292727606","0.00425132608108426","No"
"0x4de0844a14e5f0aebceec4e39b4eb9f9d12a96ba","0.00170284971079155","No"
"0x4e3787ef6329571cd1151afef292f307707e82dc","140.88","No"
"0x4f38d8139ccc5fd6ec6d3aa9d5911e853da0c84a","0.0043508214314833","No"
"0x4f775fc7c06d756cfb926aa43aba2c9c2d810fa2","0.0129646071914667","No"
"0x4f82e73edb06d29ff62c91ec8f5ff06571bdeb29","0.035319418525348","No"
"0x4ff16602cb357d8cd110fe9215c49f2b05549950","207.177086292969","No"
"0x5005479f52d33ecc1825c62a72c58147f6c568ce","0.681737101919113","No"
"0x516363c2664843cdb7844b126cc4e17f6457e461","0.0111069811666246","No"
"0x516d9154c2e5de087b0c0b45602facb7f1a80250","0.220439612996047","No"
"0x522f7bb9291abbdf7743df72c67bed55d7eb4d33","0.00998801983600525","No"
"0x523d656206022cdd254b2190f202107fe8533c56","0.009440250085283","No"
"0x52e2b4306c3e6dd3455e1b990f5b8a2dc5a5e904","0.00277074045252305","No"
"0x5320d08590fafd8757525af4e0cb016e3655c9e4","0.00466466006041239","No"
"0x5321961789907298dc3056a9efab85a6511d87b2","0.00794009004361394","No"
"0x537a482a258e9dd8d9337cd8c08e4025bffb2e05","0.00260473210920679","No"
"0x5424cf88c292fff2fe1db4e78b5869956f296e33","0.00950657989539483","No"
"0x545cb57c227c45f43c6ad7bb766bdfaed495ab36","191.88","No"
"0x54699b98c5c91f12c9157a8d70d929016b6146cc","0.00627065840419813","No"
"0x564ae0feeea0b771f31cf16a3bf7843ebd9aab08","0.00756000240253659","No"
"0x567776815c06e452f940ade39a129f74f502d4e6","0.00717133525548928","No"
"0x56bef46a6482b630574b02f766a403320937b0c6","0.0191074284807123","No"
"0x56dc815f137ba44a65694f90cd79cadd81370488","0.000839382428934131","No"
"0x574be886251bcd8d9094bce18c6bb428a613668b","0.00988637817376776","No"
"0x583b4d6be74bea8a5cdf0a36574053edc344331f","7.24653493269623","No"
"0x583be7ab5d95d2100bb2022f9f8849ae6018aabe","8.11697891201896","No"
"0x58f791ade0e72334238677060e469d7b85456358","11089.6289904161","No"
"0x5917ddff7d28f757d8452d4e313ac36c9afda630","0.00972299428079887","No"
"0x59b2c6b541bd80c71fcd1af6e85f8bd11f3d6934","0.00762048919682246","No"
"0x5c72b09d6c3494273166cc90f27481128121d174","0.00805794396516644","No"
"0x5d12572147cf9f21a15e0297e4bc7cbebdbda0b8","1.4086790725032","No"
"0x5d4d664d073471244aef70afbac7d84c9a545743","0.00165413335956931","No"
"0x5d5ac8898c2f3eb3a2d586afc89eb03cb7846bbb","1654.7","No"
"0x5db5acaed92abac288da6ae2f4996f89d3902330","0.0023937550961071","No"
"0x5e1633e2b15010685c4e355dc76297d8373f9dd5","0.00952310231650331","No"
"0x5edecdd3f180cb371a724718a6b37c3390f57b86","0.00408684472259847","No"
"0x5f24d718fcd798f43d37b20e7c50c400b82891bb","232.887083029967","No"
"0x5fc6cd16909cdcb4b56edf634fca90a2cb0500b6","0.00151737678396552","No"
"0x604fd492376548f6af577107f4b6e58999df12a1","0.0117675035068876","No"
"0x605bdd2357122d3874f0a2dca06254be16134c42","0.0057731721477578","No"
"0x60a11c355bfed5b907088665358a896a8331e269","0.00581697947673696","No"
"0x613174b2ca69a9644cf0e2e9dd0b628b760f1418","0.00888918243730503","No"
"0x6149f540c63be0827828b43adb707e83d7e39d32","0.0119123951000389","No"
"0x6154ae17c0baada6df0064fbe1f3d527fddb1821","62.3062657032526","No"
"0x61728de7a3f724979336f6c850702c4696c51cf0","0.00241334223377251","No"
"0x61e1495131879182d2e3f99a14cca4d4c1776086","0.0199022424241333","No"
"0x6255c8305cfe99cfbfa2f567fe992583846b4986","0.000358187800615653","No"
"0x62d029e0090c2d670d1775ee9703e5f107700335","1.321410157263","No"
"0x62d94ebbfa9a49f537b192ebf3899f0db2b4f6c2","0.00310085541772547","No"
"0x633f8aa64990c4f67a904b5dd6bf5f03e49a5baa","2254.30619486389","No"
"0x634a3335ee8c5c2c4131617777059e3356b0d7e7","0.682117953358568","No"
"0x63a45cd0bdf50b541b2cf3a301e825dfdb037393","27.7481797947971","No"
"0x63fa668664563400309384ba95ff775c33e5d7af","27.9992765646021","No"
"0x644633c7c5489c8c096ef800e00c6f0a1d534bf1","0.00308030279687214","No"
"0x64a8b408fd88bb2d61aa43ed7bb051e4e906f2c3","0.0153038957544038","No"
"0x651817b6b7464b61c6c6ef87da2bc84ee0e64377","16.7287759938052","No"
"0x65855752016df4211e38970d07a0ba76b3175a76","0.737550751166014","No"
"0x65b1b2bf4ff124499387fec89f64d15cde671e98","0.00317688377407219","No"
"0x6676773ecc9b6876e72d080c47ec1ce03959fc87","0.00661562620564763","No"
"0x66c10861e0956f773379a30bbca86d639976c906","0.00291092057156407","No"
"0x66d19e45132cd23e324355d5add0b864235748a8","15.2","No"
"0x673c3d0b0c19c2579790d949763e18784e907ff2","6.06152597441968","No"
"0x67a5d3bd8d8143d6cebb833df0e6ff0be039df3f","0.00642690682336997","No"
"0x6940bb330734845c1bc1f7daae8a26c416ba598d","0.00157975698177391","No"
"0x6a433285f146ef412e050d92c2c15cb2b3dc5ece","0.00649545055623914","No"
"0x6ad0441f7b6e63509821adeb6672898de29de5be","0.00743174247109331","No"
"0x6b675a86bdc423dcec716bc84d023c27c8302b4a","0.00326857984268614","No"
"0x6b84795b2972d1f09ad3adff836dc6f8cf60c478","0.00867901993819775","No"
"0x6c00b882005f65b18488000000d52c1c0000fd84","1E-18","No"
"0x6c11a995a9184f3d2faaa72a64a40d6b7ca08860","0.677418786554207","No"
"0x6ceb96f2e20e6e0a0093a894cd6d09472371bad6","348.876453495505","No"
"0x6d33ecd723155522d597682df1f0ac10e7d7d9ed","0.569046186769193","No"
"0x6d6d4fc33fa3330b21c33aa4f622ec7a56c9d499","3.42232384988891","No"
"0x6d7ffbb6ea9c9b8ea094816ef152c9b3e1730381","0.00301166719092105","No"
"0x6d9fe6b85ff5d90639c89e48ff77c70b7477b8b6","91.1452619624739","No"
"0x6e0f0d25008488f9c8f883a84e2ad3603b59624c","0.00836565055995422","No"
"0x6e5c091422e5023ae8509b296bd66ea7315e7da6","9514.19","No"
"0x6f025fdc4f07b9523cf0935ae471d39b34fcc787","0.000414157590991782","No"
"0x70065f20f6299cf360925aa0d3b7097c86e6cf36","2691.68317602479","No"
"0x7042114bd9781967ee8dcd00e224376d61de5a8e","10.7","No"
"0x70f1bddfe9dc458ace77fbcac7b3236a57d49a63","0.00696334827419705","No"
"0x70fceab3ad2d21909f541f09f441c4f19ba66ddd","3.67701321997967","No"
"0x71399e970fc6af7f5a0ed1fe7eb9e450cbd3bd21","4.45431577041293","No"
"0x717abe6ae7b3e0326fea06c7d0378b401543b5c5","360.564638027143","No"
"0x723fecf1a9a20230e3fd6c35160a4f1943a441c3","0.00680695688449337","No"
"0x729f2222aacd99619b8b660b412bae9fcea3d90f","18923.1944894702","No"
"0x72a4ebb4d42c599a2cd600e0625851142f53d8bc","0.000619639658656919","No"
"0x73110506f21605872ff5607c421a9e928b05914b","0.00221329168411284","No"
"0x731f52bb6b971495f53d329e66a7cbe0f192c2ce","0.0043604839082132","No"
"0x73389049804fb5b62fbb4139abb920668a1af08f","89.07","No"
"0x7347e21b6ede506b17cdf0814db344731f3a8b69","0.00411271196880783","No"
"0x74293894b24f0f716e4d9aff1ef6491394930cad","0.00219670682262649","No"
"0x74689b817d0909f7b6d5a4ea866d9354a1fe472e","0.00787490299079823","No"
"0x750d82b971d82a367840016896ef1f325493a1d1","0.0012608792513042","No"
"0x7606f0efb1ef41aff367c58c16118c45643a929c","0.00868695241788852","No"
"0x7686835c7a82fff2e8b6cc31e9a86d5333825a63","529.03","No"
"0x76a4307142ad7f4647163152133ad223c988705d","0.0039805266679167","No"
"0x76f0c2b20fc474b20df5d5ca7b8a265e87e1a6d3","0.00673649789946554","No"
"0x7701ea24ff3f7f2d27a490fd56be79f934a513dc","68.5681282288447","No"
"0x78173cadc97432e09d6d00d7894b4074b83762c3","0.00373575548571792","No"
"0x781a6c747c8cb222df43b47a20f8331034916969","97.0183210596447","No"
"0x78b30deebaf0e40f544cd369f78dd71dab7ef76c","1.53000490828787","No"
"0x78bce953b6eee893fff49d846896402b5bef7d4b","162.724450601814","No"
"0x78f187b1fa299271a39aea768b3c2d2ec4a7d12f","4.41225340951295","No"
"0x79446b9086ad7a6316cd2f0917dafeff2fb703e4","78.5805900306371","No"
"0x797bd27657bd7187eb9187f71fc0db842adf84a0","14.3242468958305","No"
"0x79aa2367e761387708ba94a2220d37b4521ab3e9","0.0059136661605375","No"
"0x7a0a7ecfe2fb1cf265f71284f2716219d0e9d3d1","0.00545784413069659","No"
"0x7a0db1fe7230b8cddb2f9927c761770f8b576a56","5.0747431777744","No"
"0x7a6765d61b32710a03e9a4232681e18c89d267f8","0.00254942498273426","No"
"0x7aa4bb1a4fd76321089aafae5a5db3bc261e6932","0.00799135102243387","No"
"0x7ae65cdff34a82e6a8e443febd240db3a20142df","360.448355508956","No"
"0x7b52e943d90d2c6cab38e589202713bb0e410e45","0.0107182436279689","No"
"0x7bbd51580c11eef92915775587a7aad382cfd7ef","1585.98602976737","No"
"0x7c12f55043c6ab71ebd91969e5f9e476368335e1","0.007409983731151","No"
"0x7ce266949781128441dc55923d37baaa4364198c","3.5529757297E-08","No"
"0x7d93a62f70e8af86921c987c696dcc38e7bd34dd","32.4654423020145","No"
"0x7db643c47a1f3eb0932198a856e66aca318dc728","0.00266136349910912","No"
"0x7e6263a5911d5703e9f43725d34d1c439acee1f9","0.00611633806563304","No"
"0x7f0587a6d8b893e0ca5215d0a4a8c9f4ea01eeed","0.00180540312347093","No"
"0x7f2f053c29c578e367dc0f847a1e7b6df4e5a1bf","5695.49651917876","No"
"0x7f704ae48fdc06feb3f630452ebc62b4e2d9afeb","0.993611493138691","No"
"0x805ebb94084e01da57c4bc70b6fe414af9148596","0.70115127378364","No"
"0x80b26ea44bab3d39516094b479b9565d9e80d4c6","1.56424419522628","No"
"0x80e428a54796ae0f42a16820b9e423c7e0160054","0.000283030084569707","No"
"0x80ee8165c45e9fa8895ddac3894e80ed0707168f","0.00118639473837072","No"
"0x823e25c856131dfdc10332dd3d6133ea53354498","0.00141655050882347","No"
"0x83063059f77da6f2af48ceb5d200f354f2d94598","0.00173475364373281","No"
"0x83270e80fc78210a04eb2d26f9e648dcf5b09492","3.76196038774861","No"
"0x8343629ff42688bf60292aacd427873d1c8785bc","0.00167490547748935","No"
"0x839c3822af682cb2339d973a6969b024232c8075","0.280383625402612","No"
"0x83f26558be7397ad0b7ec314e92d8ff2a1214ac4","0.00113760819056795","No"
"0x84197fa35061a353fdfab8ee125bee39668c056b","0.00677594753159823","No"
"0x84466c4f5c42a49f8096d26b94d90fd54fa9531f","0.0073542906143387","No"
"0x84641433b3e562d610d19d28263d727109d124a3","0.289817087536357","No"
"0x848e27e64ef8fe02524092e511580da957e9d1c3","24.72","No"
"0x86d57040dbe3a37c0e7c97fdbd29fb15a6b04f32","0.0323986049689126","No"
"0x87d42e5243512dc21c83630e0d15159d6fb6d250","0.664146923654307","No"
"0x87eb4de4881fd4052aa36b9913c89daf50e19f6d","0.809999999999934","No"
"0x89203e21658f5f0d3bf680f8ebc3a092c26f027f","2.92586423517863","No"
"0x898c36bc24df391d8bf220587f29939256ccec52","0.00709531556043167","No"
"0x8b78b3257e8ee2f020e59ec5c5f526f7b72834c9","1.50928502491406","No"
"0x8bb046a2a09eb2edd8671bd9f243810a850f3883","6.17422531576962","No"
"0x8c05776efb1f4692164f5d6aff986b39bf5f4651","51.3804118157567","No"
"0x8cadb20a4811f363dadb863a190708bed26245f8","0.00864345512080979","No"
"0x8ced55ae072b5bfc60b49e8f9b2b84ccb26aa55c","66.2474844210678","No"
"0x8d0babb0537af2cd49568048af23f98fa82e7157","0.000126172677260757","No"
"0x8d6322a79439d3358801bde1c3d2e190b396ada5","6.40730388224146","No"
"0x8dc80ba9a5363af7863b5b9104af1ecb3ae82703","0.00534290733377804","No"
"0x8df4e055abcd4668c40c34d03548d2d5ae8dc0e5","7.8877268067091E-05","No"
"0x8ea477e443c7f625ec20fee0b5610f4e9ffba62b","3.23993","No"
"0x8f85482dbc4de4d49ba815644325590925182ab4","10.0235905909913","No"
"0x8f8bd7efdcaea50771f171243889f73de4ee4059","220.51291525986","No"
"0x9077f40c01f1a1a54eb7afa8d2686cbbf0f46332","0.00705000562306164","No"
"0x9125dcced615aa7c3059c206692979e8932c44f9","0.370356188373315","No"
"0x91cca8cf03fdf510dade6649a25cc5ea6fc9bfb0","3.68575402574031","No"
"0x91d45c9ac90c240062488364ecec5e6cb46d3f89","0.000608317432748878","No"
"0x92be1f0f31be4d82435f9c6cd35095f9c4de1f75","0.00895263779446614","No"
"0x9438bfce94d43d303bcaafa035d71a88ccf839b7","2.31435942923066","No"
"0x94c5f427d0d21c2b1643750d35a207cbfd6b5f6d","132.037247773321","No"
"0x962e9efd6a3604237d15793b3259455ebeb6297c","0.249980866393691","No"
"0x96a43d999601bc4c54a45d07db1592ab801066bb","14.9208999669749","No"
"0x96d087aba8552a0e111d7fb4feb2e7621213e244","3.70345065381552","No"
"0x971794337891dd2dca2ac05bc4dd580708d5c560","9.37920404184017","No"
"0x97342a2138418835d7a15cb637826b330297c63c","0.000341381444824431","No"
"0x977ad972b7091ed5ad65dd3b1df9765519073974","225.397265080335","No"
"0x98b221c9a2a77b004858fbb658bb7b76e9366967","114.585659917942","No"
"0x993cfa15c9dcf60878d637229a2142bf6eb8d95e","24.4431399439625","No"
"0x995140a40abb86537578bd6fe87740275a1e87da","0.00426922431216724","No"
"0x99937bb7a739787933392415b16a729b149deab4","0.00281287870786669","No"
"0x999feec1809624607c5bfc082fd3a64a5ee84c1d","0.00286514113845463","No"
"0x99c3ad23644d56b88732791c5046f6467f9c2bd5","15.6104325843386","No"
"0x9a31ec2df5d42aa0537ff845b01512112d94a7a4","0.00701070940662452","No"
"0x9aa56e544abfe6ab03cef67d5c2d1066af37443d","0.000206794613587553","No"
"0x9b4a4b447a6de7e769d7a0a4dcf8be8d5ff308e9","1","No"
"0x9b65df1adb9ed083a9707f750f4d4211eda92314","0.00585715879434605","No"
"0x9bc0bef77cb8ca8d69fdc3811339bffb5713145c","0.10979729206617","No"
"0x9bcd1c8e4bddb3a44221e48d24471bb141bdd2c9","0.00980018776334223","No"
"0x9bd1642acc8bdf82e57e7787186419db7f7fca3c","289.55","No"
"0x9c0608277bf67f4b16864cf46f03502c3b279c0a","0.00203905039635483","No"
"0x9c40f24f7b25dbf221343d6600286cd78a733b88","0.00276405354204482","No"
"0x9c6c56700f4952d45896757ac098968e97695a55","0.00276540370660556","No"
"0x9ca627de8e06213671b6166717c8cf876c1d7808","0.00231942681234956","No"
"0x9d0113ac97d14df7684e5786705b960f52e6bbc1","0.00355261464804816","No"
"0x9d482bd75aef545cd48b778bd4155832a335090f","1.16555932350218","No"
"0x9dd3857aab8361abe86d480626e2f2da09238eeb","0.00654915028076878","No"
"0x9e4aff4cd52f9c4bdfb0d0f68e0539a506d21385","0.00739137140084256","No"
"0x9e60fdd32a5bfe278f18366b7b5eefa2c228e4a3","225.98","No"
"0x9e7a7746cbc10df47fbe5bb63de6f40df2755999","0.781806947344425","No"
"0x9e7eb17ad6868322d6655a98906a58c11285cbe5","2.27467719668448","No"
"0x9e99b624b516bf44ba76be440b8cd9fc8e44743c","0.0009956763720944","No"
"0x9ea2542b252e0fd806ee5b7d2f0ea10ccbd65146","1.04644627080667","No"
"0x9eaae5a5421fdf319bd28ef6166489614ec29748","0.00178109086042504","No"
"0x9eef3fd0666c3373fed093a70bd578f1f199acff","201.66","No"
"0x9f31719bcf002c9fd3cc4f501e57790c03db728d","4.13260168949364","No"
"0x9f6a694ca1c9c8cbec17f75282778444d16fdd65","62.7467362860407","No"
"0xa06413bfe2e2a1b37ac1df2c9cf2e6f22e5a0b33","262.554274008806","No"
"0xa065237d1f3e4436e8750fe3f75df0cefade6bb7","0.000223373089831625","No"
"0xa0dfa455a02066dc3fd8c5b2e6d1c9c9705fda8c","5.52588302743945","No"
"0xa0e8c4f5f58a0fd783dba40cf89819c9db7fb6f6","28.5468317882449","No"
"0xa13b6db48cdfafab9f6597c272fb43c50288da58","0.00876977256191839","No"
"0xa17cc9878bfad3d3f7f511e9b97b8359b2777068","0.000743806270631973","No"
"0xa23ca346aa46253331b63f54a2418c7832a1067e","61.6909068278115","No"
"0xa23feff15e7dd14b8991dc67f53f3102bc20f794","170.117011312705","No"
"0xa255309650ef7371cade2300c5aa180cbe8ae6a9","12.9597828830299","No"
"0xa3dcd8e2f1bba0898f58737d7c9146ab010921af","0.317271438461115","No"
"0xa54751454518e2fba043ebdbf1b24bcd6a1e5c0f","0.00187849210472185","No"
"0xa55e05dad1aa56148301ebef5858bf03fe551bf9","25.5404086730782","No"
"0xa583056ed00f86ebb59f35d2e67848e6709a5acc","0.00344153067688676","No"
"0xa598c318d42f5c305b65850a186a90ba4b6cd6e6","1.11950025955758","No"
"0xa605627a93aee17fd0ef191baaf13e3d65452537","742.231268686728","No"
"0xa618749b276626c17355676e68826d22ca71668f","5.59834010234458","No"
"0xa6444219b7941150b5d05346db423118d495dd3c","0.00523553576283201","No"
"0xa669e7a0d4b3e4fa48af2de86bd4cd7126be4e13","14.9004528406268","No"
"0xa6cad74601d179b514757e68353a3befe3a7b679","0.00963015697788838","No"
"0xa6de949c0eed453532489753efa046b1d8eda441","0.555193924487623","No"
"0xa720d3dedbbe046f4f39c58706564b05efee51ae","0.00276186605788256","No"
"0xa775c8baa01d219bd9443dad3977a197364701b1","9.60709410565895","No"
"0xa8004a71563bd339a5f23063dad786ad320dea8b","4002.24","No"
"0xa81303b1bf504d15d92c9a78adc4d61e19aae36a","0.00137008173574039","No"
"0xa89cf6748fe7088367fea97fff8287db79394c69","0.00477413960631968","No"
"0xa8e4589618482aba8e111ea2bf496c6ab291397d","357.402056304475","No"
"0xa935f8806e2a3cfe0d2240b7b8a2f783e0aa9abe","0.00964601254465302","No"
"0xa95b83cb8867470dcdad414810dac5145a188e00","15.2333320711778","No"
"0xa98f4251a66bd1a068a6f03b076b4951ba4de261","0.000756281662341916","No"
"0xa9ecea9fc447935df72b19ec74309c5fb81848e6","0.754291312986725","No"
"0xab2dc39c24741181cbc4bf62d33f75033afc8e05","11.79","No"
"0xabbbfa29ca2495983032417bb599dc1c7248909e","0.00821774254061491","No"
"0xabc417d163877f6d08f4375d0ded714206d4c8c3","8.409407412983E-06","No"
"0xabd259ac0d3e94ae65793b68ccbc0b6870e43aa9","0.000142939324122792","No"
"0xabe9ae9cdb87771c2a3fc43311e46309fc684fd6","0.00264920222333299","No"
"0xad0a1f8f2b6ae30fff3eab9e793ce19bf8b41739","0.0051737533754931","No"
"0xad8da72fb6c0bc3b27a67dbe0daf8ad1476c8d20","0.00174606726942522","No"
"0xae2ca60e5c62a9928fa0c51bab13566034c66285","0.0967290002343111","No"
"0xae7aa1d747fe2931cbb96d405650b99e24dad302","866.15","No"
"0xae7b63dad95581947d2925a9e62e57ccbb2da046","0.0144532857433321","No"
"0xae877e9d41d2fa49d45240b2dd7ffbbec0875768","0.000309383052016627","No"
"0xaf94de493609732df43bab23d3f00859211ac347","6.03332422296663","No"
"0xb0736d4a501a695522ea0dfae54b0453a70c8eb0","0.00949169974881906","No"
"0xb1485108ffc1d775fda647e591f6da23e340f587","0.00737340969103163","No"
"0xb17a0c093b326fb551c9acf989941624ebf8636f","0.00742747739472837","No"
"0xb232b6791d83fce7a99222c63a525c88c227a53d","0.0040440864109126","No"
"0xb266d7157afb1c205054b8c9d481612c11cef4f3","4.31469429687871","No"
"0xb2810ead39e5ea6c371bbc1df8c00e1590d2da4d","176.426682441415","No"
"0xb34351721a29c0b302303724922ce3060544dbe8","0.00131678799410541","No"
"0xb3588eaee43661007a793c38bbcb8d4611e089b9","32.3044198174768","No"
"0xb4253bcd1c36fb632484a9568e60733a4caa2294","0.597503230411376","No"
"0xb4b3320aa3137b4311f5cb8373ba0bee1f9cdcb3","0.0030353209500818","No"
"0xb4b4fa0875ea06ef3c0cca9134f49eea39c11375","0.00811707190728951","No"
"0xb56322fff5ba6f9e4d7b8dd126e38da0bc95299d","0.278076070133553","No"
"0xb579a0a6252e0af9ea293e432a63f2e05cfb4b3c","2E-18","No"
"0xb6000324930f03b332910a1776b7338fca7f1f27","128.006450020243","No"
"0xb6aa99c580a5203a6c0d7fa40b88d09cb5d65911","84.6133758689197","No"
"0xb70d8f9e92bfe4b6cf11eca54a6504ba15c5b688","31.7142279690375","No"
"0xb72978e9c846fe84e59ec0f679ae887c9a9a1366","47.3204198674173","No"
"0xb78dc9ebe41a42953dc45b003e6afa530ad939a2","0.000581546100338994","No"
"0xb7b320531275f67d82708ea00a5b8151ebef6d01","0.00125351255992552","No"
"0xb871be29a41730ff7939de809d581c6121f649cc","15.1459194447125","No"
"0xb948a5799f2bb7af07dde094cbea82caf7d4371c","0.00869766276238266","No"
"0xb97000cea6153cc6921cfef0c1d0d28817e7a7e5","0.000800479933824079","No"
"0xb98f907e3359cfcd0892a6f7c2132c2518e16efd","0.00226087502193786","No"
"0xb992e179423d23ad1b51d61779f7a9df93730cda","0.00854856302580916","No"
"0xb99d45612548a9ddd4ed063bd1638ccb28957a6c","0.00164809550417488","No"
"0xba52b6e18fbc8f9609026486619e4edd65f0a1af","0.00854737009587878","No"
"0xbaafff9a81439da7fb8a3e62f2dff758e059e039","0.00469142740150213","No"
"0xbaba3af8524b044a4ab2956789baaddb93ca7725","0.000611703107761489","No"
"0xbb9bad4e1f5f5d30ad0b4e9ed18d2cead3d63177","452.972666807797","No"
"0xbc908d7c66f680a73977445a415b2f712c01ac12","0.00455309857265253","No"
"0xbf968c82b9ce9c5c5c50505644f131d553b2effb","9.39803700798667","No"
"0xc036ea11a24e1f791ceaa780402726f6c68fef87","0.00209384774224273","No"
"0xc0496fe72226e6463a30cf0e0f0b5be525262b4e","0.00749837552334454","No"
"0xc154e86dff0a2abbbdce288bcb88572f45497efd","20.2078753727399","No"
"0xc300001700df0083724ec50000647532dfd533ba","1.3E-17","No"
"0xc312a3791ef0bb7658962c70b084197a2d97fd11","61.5216162767117","No"
"0xc34b25bd344c1e0c240eb6b028b064fc2147996b","22.1375894187337","No"
"0xc3d9d1df56176326be2e347694c317f4acc4462a","0.00115210597306236","No"
"0xc4ea3464248e4230fef51c75a3868b0829e42b34","16.8327425051493","No"
"0xc53ef1fbd8d2e5f050a9e8e70125b51afc01ed05","0.00611359181922529","No"
"0xc662f171ded61b56cd289c4dbcf1889ad0dd1e2b","1.34967079935366","No"
"0xc6e8a321f8204ee3793262e5b5623c381770527f","34.6489577505696","No"
"0xc71e96dc7b109bef0d07844cc2a0838ff30e528f","48.7173350351513","No"
"0xc80c40f6222659589cfb4ec66502561e5209fbb8","0.00480816084734591","No"
"0xc887959e93ee09d2ed9302d481da66d2d09baa4e","0.045587140788821","No"
"0xc8c2d46d3952791cf830cff2e5e49b6c1c23fb2c","0.0076611787147772","No"
"0xc906ce95d7e40eb9e9ffcf280b2a5a081c6e2f71","0.00741084394812059","No"
"0xc9127a82dc69093dfb49bc75d556a2d45899d3ac","0.00713772681609935","No"
"0xc9505911e04c97be1459643dd6aebb5e44387798","0.0185496767497223","No"
"0xc9c681d3f363bac220deacd4a64f80b68b9a8401","3.13949350147973","No"
"0xc9e7da3ae71d64c95d2699c133758349da24fd93","8.3419917418655E-05","No"
"0xca269341f8971f8b5bd3685764ed369cec429878","0.0149825059412343","No"
"0xca736bade9a8edcabdf1c42d86c2dc646df48489","0.00447113317555941","No"
"0xcb482f29679e0857666bc111cb5b74e630a1095e","0.00412705377686763","No"
"0xcc112a107abe98901b9efd9ac4880a143df48083","0.195064046093429","No"
"0xcd7beece0e8060d6e11ad1a07e28029c7397b0e7","0.00131387446700646","No"
"0xcf06415898e88fe3baa8ae0fc945580d8164840d","0.2","No"
"0xcf60582072e14058173cdbe8e789e7dd96f88519","8.6002068272479","No"
"0xd0d17b7a7883dbccea51262fe9e8463b3508ab48","806.783950290226","No"
"0xd0e013a1a26d5de78e5e7730c5146e77333373f3","0.247248325901196","No"
"0xd12a43cc391071eb73884f131ede48bec120694c","138.634676762028","No"
"0xd153a0fb66fb4d57ab216529d61d2474ae1ab425","0.00567986735977923","No"
"0xd18b6eed9dfcf0d65f4bd875c6ae7c57d0e8edb1","0.000337447123293926","No"
"0xd1d926f4d593aa7b7641ad382b1ca80d16675680","348.88","No"
"0xd250a78f11062136152124243c9763b232c05902","0.0093795514722624","No"
"0xd2e3ba9862d4c75f83d8a4a1b0dd590a260dcfe3","104.649648478444","No"
"0xd35fe109ef6a7398eda304a059ced84fe1015792","0.00130119776482715","No"
"0xd41f166b203a10cdb24c08b02a649d9d504449c5","2.93329547476056","No"
"0xd43f974fa5f9f3ab8aedb3121dc614366d8fd24b","0.00464197560513331","No"
"0xd46c1a9353517e0176aec6f874e201da197e5d84","0.00520529436899768","No"
"0xd4757dbacc745f14a0171693fc35cb5a2c5045d5","63366.6807667751","No"
"0xd563834c354a736c92708e4c727eb0da81abfdc8","16.9116216781941","No"
"0xd628701da895bb0202fa2aa378850a38df7dd4b8","0.0684021100184777","No"
"0xd67451bd22cfca3502748f19ffe238eafac5ab70","0.0163462984819196","No"
"0xd698dcd09771efe3379567332cd35f2421349c98","40.7915336759463","No"
"0xd79a1e51b75b344fd3aef77a80bcf93aa3659e4e","0.00141013682385126","No"
"0xd87d8537494e703eb56d852c74726fbadff4b818","4.0404786658259E-05","No"
"0xd90bce634f76748a77b6898dfe92ad059a44f855","113.559928800244","No"
"0xd93e036a2a3bc252a4b1a1269e640afbe2ac8a53","0.00670187105852019","No"
"0xd9a92d74c6c85f23067a36b6577eb7887dcfb1ab","2654.28","No"
"0xd9bea432a3339f57e4dbcbd9b3c02b3b3e3adf05","11.4124592160099","No"
"0xda07cc5b3a3337ff7cb7e814b90721e8700640c2","0.00558397725585235","No"
"0xda399382f2bcaf1199d72d0e76592eb3147ac8f6","81.0505145991401","No"
"0xda77cb90a29bc56288734e2cb2f97becde61c7ff","0.00854683123552209","No"
"0xdb209f9c201988b706b7a093dfee8dcdae688251","0.00827266849962972","No"
"0xdbccc7309554d0810cc56aa6e04dbba6c73fa1de","51.610053172923","No"
"0xdc77669b714be1169e163f421545f08f62cd04cc","0.163891599217706","No"
"0xddf55e11e883f8d425053a3420ea313be05fd9bd","7.1566942755482E-05","No"
"0xde001326d99158d631514ab163e84be454a8857e","27.0239698913775","No"
"0xdeb748bc32757f0aeb2451ce7df48e59a17ab7df","71.0414694158102","No"
"0xdf1e4bdc3d977d0f81e07ba22d66382fec1aadbd","0.000479058896107284","No"
"0xe0eb95609b7aee1579c838e8802e7d90e4c19ee5","0.00135309928189472","No"
"0xe113e7b1e8ecd07973ea40978aed520241d17f27","0.0036545312912373","No"
"0xe1772941a240f5dd4cc7a55e18b3c61ec1178c59","0.0065619052607824","No"
"0xe1cba71f8c268e866c1070c233113a0bdf2b2869","0.0027237495621582","No"
"0xe1f2d191b6ff1f1ae7a365f2cef4083a3b88af4c","0.298316843401791","No"
"0xe27c6d0626c87faa401dd55f9d8bbc99076273d5","0.00586699680380208","No"
"0xe29759027cefd0b7defa61266ed31a8f32249ece","80.5758371319756","No"
"0xe2e77cd237be44be96bcff66f1d73f0292e55153","146.909080726708","No"
"0xe3a04324597838ea978a5383b5f593f1386c9e03","0.00224345422674341","No"
"0xe47e42308c27ccb5a7459e54f1d21abe2dbe8cc1","0.00292781204685324","No"
"0xe564c2192351b9d2fa03d140b124009365591253","0.581123604075489","No"
"0xe65c0491320887a409711c02b44779a0444d8b25","78.6644102177277","No"
"0xe7fc084d8e9c793bccb086270474a0ef5d0d43d4","17.5644340038322","No"
"0xe84226ad005115482a6f74f91a472846a089c61a","126.2","No"
"0xe98566189ab596e7ea585e898ee0fd580a64d179","0.00629275953217857","No"
"0xe9c0da73d0993ab483004998bee533e357e5e15a","0.00702546382546326","No"
"0xe9ce1ca0c3a0fc24ef65d8bc1886f060368ccb66","0.00892479019982007","No"
"0xeb96a35b1728c4381b8ab3cbf8959f5b30e14141","0.00672883359943207","No"
"0xecc5e0c19806cf47531f307140e8b042d5afb952","2680508.06656533","No"
"0xecfca6f723dc00688599f8f0ca0a43c75ab5b05c","114.076716965408","No"
"0xed008fa0bdc93c588af3d1d26b312cc5e0e4654f","10.9172419191683","No"
"0xed0862ea1853918ca6d0c63d17f03548343a0d6c","8.8141237470288E-05","No"
"0xedd53f7108c13b36881a386a6589b3f01308e6f3","12.1800430410011","No"
"0xedecddf102e734ac6cee3bb18a2985379a3e729c","0.00557307950013955","No"
"0xee1bcf7bcbd455e13e32e7b097d5cd3353705b2f","0.00401874251274161","No"
"0xeec4bf3ce1d90c0759c2dead76f66f458f9170a7","5.69597986280563","No"
"0xef0b5c05835a03045fdb90a199973f59dd38c7b8","0.00315922632931534","No"
"0xef5fa33e7b26e9dc5b2caf55a8fc42485a44fee4","10.1013392661088","No"
"0xefd8ad10be340fc83c9f338a8c3af35063ccbdff","199.325099992667","No"
"0xf081470f5c6fbccf48cc4e5b82dd926409dcdd67","1E-18","No"
"0xf18a33a5f38bb2e855ff252f88781d436e4fbc14","0.00428922660929487","No"
"0xf218caf1aee1f12076848938831efaf24a3c5cbb","1","No"
"0xf2aa73346195f652b29b9d181becd5919b78950b","535.8","No"
"0xf365eae95b8f43fcb76c57152ca5419a2b4aaf0b","0.00047303547773254","No"
"0xf3f753eb1bb77d76d05549870d0a0e6fddbd2351","0.00363713746823129","No"
"0xf4448d68ae53ecbd3145dd3262af69b17d2f4693","0.00641491818774287","No"
"0xf4da35150e4114dbe173d53cfc5d6d3ce540ab6d","0.00880401626754926","No"
"0xf5540cbaa1859e370d56a714db63a8c52ad3f1d2","23.5092171113006","No"
"0xf70feaa153a0ffc391525c1226d6e0f00edf9974","6.27239485178195","No"
"0xf7aef5fc0f5d6b030c417d6a44fcc23497cd3e0a","0.00835598417359963","No"
"0xf8153167313ce9cfcb45bd4aff2b543513388163","0.0089732369125881","No"
"0xf8532c929a3e0d39d220d576b823d13b03618609","37.641171715931","No"
"0xf8871fc1f17d6d4087fd6ebee178601c18d1be44","0.54853230937078","No"
"0xf8e927cf91b9e3c447fd0545d7b763ce105f34f1","1164.05114066055","No"
"0xf93b0db77c4e63bdcc0520e43627c0d174da93f2","0.00882783492969042","No"
"0xf967065af2b5556d57e7b130f2a2bd6a984177bb","0.00297525800981229","No"
"0xf9f9d75357da18f9c570aff93dc235b427e12827","11.8925829000323","No"
"0xfb0c24023cc894a6502b10704384e4706d9a4c0d","10.1541411853148","No"
"0xfb484e136c85b961473d385093b1ab071d407aec","0.00292904149263902","No"
"0xfb78fb2eeb539496ee6449da692ebcf774df451f","0.00204584809068255","No"
"0xfb9c0016eae487a384f76fb82b40979945de64ae","0.0747978497989819","No"
"0xfc8510ea6c29158530f0847fe2560653464b0a7a","96429.7047961466","No"
"0xfc964c9aea91a3fc95ab8f3f012cfa88f319adfe","3.258341838748E-06","No"
"0xfd92ac53fea10fd022e9a94b7dbcbda95809fd5e","1124.1","No"
"0xfe3749851acedfd4793c5db69a7a5cb4596ec1ef","0.00883563057319551","No"
"0xfed2ad80d074d43fe2ecf082b4c72901dd74809b","0.0116553522393964","No"
"0xfef0f985a9c24b056a4697e6e9789716250fee0a","0.00768168399382515","No"
"0xff213a3cf5e26696b60ff2e575bbdd090fc78559","0.025859597879637","No"
"0xffa88a7e496e2c461fc1b78f8321aa4ad62dd868","0.00765504286231891","No"
"0xffd00696c13507fde9eda91686c4fc25d9cb9dc2","5.2072891319538","No"
