"address","balance"0x005cc9332ccb7aedc5d5a0648f2926c5a9ad5eb3,756.566546218220702048
0x0141fe1110c12563dbe4e6161a1bc29af98ea1a7,535.26247042688857
0x01563726b7451bc9d704c8841383566f3fa1eb30,2470.2042247810002
0x0167503643d723ade27404a5a114327a87090148,1188.62
0x018004d80f50ba8950c6fb5c2b401691e16b3627,1701.8371353100288
0x022607de18ff02f02c38012829e52e41b6956593,811.925706003748513
0x026340f9563db824885e419c91b45f07c6329ffe,84.53740086588269
0x02cb7d03df28420027ac8db022328e00d2789dc4,0.001679713769562696
0x031f5e74d1ec10d2201b573e5336b7926819b016,86.61872302341761
0x036d6794fdde4b5c4ed216503d0717783df900aa,2.046700000000000144
0x0428d78dfb88bea4909939b17406351ea90f6b4c,706.5707074608089
0x04583e7b1a7f3bf06c45382065f7bd0a8741627d,1636.07315667823642376
0x049d5ec467e867cdc02e4ca76aa9f6eea7934080,4146.05404946292
0x04a9e1cf6f2266af24aec33d83c1d45d3044b84e,3682.686428184990601227
0x05ab27b6df1877762f6d0a2af71ffb980ed86219,4544.518154837405
0x05e9ee0fbf5e4250a1fb19d6af2d2bdf7c9212ea,4643.350664918495
0x069ce28d79c9c379f5d1ef6eeb87d7596d9aaf80,374.1418100389919
0x06bb3e414691b7409e879ed18f4eaad547b1f0e4,1359.7000514382084
0x06d16c357699e4d1da6ab16956c48e4254ec0414,2262.318219570915365365
0x07d4b4205b34ff1abe72f09a85abbe905a395e3d,1017.7733911062908
0x0947b82b5edee8eb56a3945581cdc331db95eede,2005.29086023333002
0x09f49defc5972fd5528058b6637e0ed013623319,632.95146629531202
0x0a32bef54e77f9ea5b4515fef6a0b2554b7f3836,0.001755880993636
0x0a48c3a67c7dda56ad486f3cd03304ae04b50db8,5413.067741606048934964
0x0a5cfcbc1f977a61bf03e45251ae84c7271dec97,0.004010019953534464
0x0b4d342b113f15c5eeefc5f28f2a529aedfe58de,2847.140292831813
0x0b9fdf02f3d0279322edcbfaf8281a6b8b53b318,9.0
0x0bcd8f0c9f41577421fdd261758d431b409e9c6e,79.19064780706358
0x0c8a7d80a742d505bacfde983494b7084c05e04d,0.0015514587883
0x0e2762ff8a3ea426f5f2a95628fb12af8443c38c,219.19680271978511852
0x0ecbbd2fdbcd4dca1cfa7b9c3ff292605dfc3efe,1334.656842728974
0x0ef84643325cc0cc0be9f2d8dd5576a0f5a0e4ea,208.53196495548234
0x0fbf5b87bde5b99906a0a80f7a5efc64ddd2a4c3,17017.567925966503313045
0x11768572a6ca8c0323b67b4964293b05eba2ef98,1153.6755946211533891
0x123399e82844c374e3f0d40d3709654ed40585bc,38.58006817736712
0x130787e55a6e4f4b5ce0badbc107c3f8cf59c81e,64.77
0x13a37a9c400d0519139aa9790cb54e9fd31c9fa3,132.1596285459977
0x140af88c4fe58cfce2004a13d34111f0c5801b0a,1039.3046813867551
0x14855dcad747119db49d47c690bf4ad4d89ffa12,686.249454934996948183
0x153f37501bac13efdf90d799e16a28eb9685bd5c,593.128466446133225767
0x15e5035f476a94b3fdebc13f2f8d641ea598912b,1902.87448369966992
0x15f8686ce5767b44c5e9870ef09308e3b8888365,101.96957872903654
0x160514c0428969130deb52683d10c7e28bc61536,2527.4129438748547
0x17263e42247b22f3454ef0085592e06263478f27,3343.412591763197
0x1858c0c5c0a5e18232b22ced0095b7e3dd8a7edc,1721.517768643795
0x18be345f211c3940146c3a70b51eec2af73e41f3,3856.275294386550058192
0x197f4c3cc2c89a0f4c4e2443c453f29ecdf67d4b,6064.22805486
0x19dcb05bdc5226eea5d908db0dfc94e3bd755b50,991.280618207360253771
0x1a400eba06880610c672dae33a17a2bd66e30cdd,70357.7815262616
0x1abaa7667947cdb50c4566d278c8398f007954e5,0.00530480429799
0x1b2cc095d6cfaf099a63659cd3787e1021460e73,0.00016599270906
0x1b6bc9e65eb854923ff373e30bae3a542c982bf3,8727.251112595958
0x1ba899a4c9f9070be7fb60f285b6ba8e1b42ab04,9706.30798703276
0x1c8098f19030d4de2dec4db54239343607065807,1117.044987123630181091
0x1d030335db0accb7eb38f7884a6123699a119eef,0.00233995264356
0x1f88d0f55931fdc1dd95a714bdf7208ef9b4ab4f,10010.401828032156359879
0x1f8f580ed3b2a7a0c4b7dc0a65e4dfa0de500dbd,0.00942
0x1fc27d338116b7c24085196d379683f69b704c3e,0.004432
0x20330ecccb38aeb1ed704bf38e7b40677fc98e36,985.46556945353575223
0x215dde5bc1287665792d03637ebf942e797c9bc0,5964.975144382906
0x222e36410eebd62de51ad8d2020a837d48da2d15,6167.389834544414
0x2260e1d5a7f3cc7770a5931917330bd54af6e606,1146.971154498895465536
0x22f6cd703e4e58f5e6d01b0c281572bee196e62d,2053.5012989
0x2319ad98c36dfbcd5e99a99685b317a71e14fcb6,2843.361106772634259298
0x2346d15d5845c4b3609e6c938cd133e77cd5407b,793.71489393055423
0x23f2d3944e50a70069960fbed023f8e90cf6baf0,0.006923966894906964
0x2495d0e621b8f3895ebe0ee2987edb9a193fbbce,0.00576046199
0x24978bc3cff067fd9448da78632f1026cd93612f,723.1974378374672
0x24a835745303bf940cb6e4aaea6bcd869c105587,236.537827621092850282
0x28eed0c1514c91a47c641e8c88229ae4bb73f39c,0.0022570856378
0x290226b6b5c6daae68a57e626481e7caf900f754,0.007286
0x29920a39e695b45f693139382e90ead7ad9cae18,1635.8894635123242
0x2afaedcb309be8be79502747c507ab18ed0d794d,1027.4490984844983
0x2b3575801eec95ebb8d7f9050a254568143715ec,3781.15635225637472
0x2db46efbb88befa4148ee8a6b6eda59206adf036,2750.1331622012176
0x2e20c6b88bac6093c7899bf904f21e18fa5e8030,101.27753324818428
0x2f3590d1de81bcf2a893e0b0fe416e75a44ca15a,2807.5696797743443
0x301f9d47cc5072cd5653fdb01669a5216ff67a75,564.95938
0x3112e8059368ef351afb13162095d52494743e9d,2572.46983820788942
0x3137a811537c7cf747801a1b1f6fe74f6cf67181,1201.123833975836
0x3192fa5d33c0c66823ab0be7235ac24205ae05f7,707.381662930073222278
0x319899c1bedc944139aea8c9ffd7f7e6694608ba,3212.9646774125102
0x31bcbdb17df8168b15d9fb898a15da242d29f86b,605.27949769584199
0x326a281f2b77ae01c2560a2c3c51f6c75c705e54,1167.705449408999934464
0x337ae1df5d2b9fa445d8ef8deee9068a289513f2,187.61
0x33afedd3ae8c642027c4c4b947aa4266ed7f2d34,489.189418691388358567
0x3491360d98559ec4146fec5b9886d7f9f3762503,909.206448936517970256
0x3555d437625b2cf2fa5679138e98938e8be2b633,0.0032735515299
0x358287bf1881860d44d558fa5716d1c26ea73a54,99.73
0x36195f583d288ace3585a37bfb9076096f9119b5,0.000919057397425536
0x36375524832a4c4b43225979593b028a8e88ed39,16.66
0x37d59f58fd9a5a8cfb90e389c1250c0597d6c4f3,2071.9302150019585
0x38acab6cd36b2be796970e79dd3be224175a8d59,0.001860039264669224
0x39b4cc35f290f3014f64376a7c32ba7aca27d1c7,12810.48221230084365536
0x3a4b9a686cf13cbeea895ce06d9a97126423bd3e,0.002157242396734464
0x3a53a8d03cfbd618503342b20b2013d16b9cc370,2800.705223809842
0x3a6e5df38cb29abfef43250bd58e8bdd5d21ad09,867.4827418251251
0x3be54703a235a4eddfa2ec1549c135674bf1391c,177.960724336966999936
0x3c522a3dba5a57e4944a737977c683853fe20f4b,0.000000105192467951
0x3c72ea8ab905ce49877ef119e3cef5c42a52d325,29.34
0x3ce36ef07d50f9f18275d2dc207519292ef65718,385.03198629576764
0x3d8a8980ac68554da0af80972ab992628b500808,141.52403849566796622
0x3da8ba33e9b4d4a0cf29cf8ecb0c2b8371bcd389,712.43079
0x3e62d364e3f86b77a628ed108f82f72abf55ea60,3480.519607218470004096
0x3ee57b42837affcc35e1acaca57599441e5cc137,232.68412399338142
0x3f1c1a5d1fcc778f8a01d997d91c974762514fe1,14918.70279757369
0x3fdb50f723ceb370470d314ed05c22d7359be529,8003.905433081033829998
0x4017302a71bd4d77436008d207f559f437fe14df,224.928774543892
0x40e131c84dc5d7aadd69ee7df1fa54fd162cfa06,0.0022151689496
0x40f49aed83ca8370f299820591488c99ada0801b,1854.5029300000002
0x40f61a408d6f05e74c454df0542754ed2232f48c,331.962449592549640128
0x423bf3038eaee9cb3880dddc44b8aaa543aa5b4a,233420.845945157606384518
0x4266c64ea38c1103052ebbdc99bc90ad63557c2f,387.750568062308
0x43100110e5545feff82dff59d917e26dc7c48def,2421.608000437654
0x43941e40e7b9b1a3a4399519af7ed24ee5b66e29,616.2091224963769
0x44ad8d349f05104fdf5ea5a0df4bd51206cdd74f,0.009423734695734464
0x4532c73d6af0e2059a1da8211a4cebda4b035d65,10.052198556458134
0x46f5a984ff687f49583cf1630359b65fc1ad0d8b,4548.434184204347367885
0x49f3bc9dc15f5eb5df4fcc7f0332ec0512ababcb,321.87
0x4a049a4b9f4404670c5f63cb4ca14fcbf9ae784d,0.00388222163175
0x4afffa8f9ba82330dac0108825b9d4ce2bd00aa6,2411.227445865954702048
0x4da3541c06cbb74d2ab2ec28ced6381292727606,361.449542716151
0x4de0844a14e5f0aebceec4e39b4eb9f9d12a96ba,558.127463512393027705
0x4e3787ef6329571cd1151afef292f307707e82dc,0.015646983251
0x4f38d8139ccc5fd6ec6d3aa9d5911e853da0c84a,5620.373661674306
0x4f775fc7c06d756cfb926aa43aba2c9c2d810fa2,4550.84481
0x4ff16602cb357d8cd110fe9215c49f2b05549950,0.003977059267940552
0x5005479f52d33ecc1825c62a72c58147f6c568ce,0.0005593043751
0x516363c2664843cdb7844b126cc4e17f6457e461,1156.59465556
0x522f7bb9291abbdf7743df72c67bed55d7eb4d33,116.22384091884662
0x523d656206022cdd254b2190f202107fe8533c56,48.344042518281827829
0x52e2b4306c3e6dd3455e1b990f5b8a2dc5a5e904,360.45
0x5320d08590fafd8757525af4e0cb016e3655c9e4,367.209305014204632344
0x5321961789907298dc3056a9efab85a6511d87b2,1235.724669782569
0x537a482a258e9dd8d9337cd8c08e4025bffb2e05,586.318145713023976115
0x5424cf88c292fff2fe1db4e78b5869956f296e33,421.6431631389044
0x545cb57c227c45f43c6ad7bb766bdfaed495ab36,0.0049206635905
0x54699b98c5c91f12c9157a8d70d929016b6146cc,875.506455950105
0x564ae0feeea0b771f31cf16a3bf7843ebd9aab08,37.661764330259286
0x567776815c06e452f940ade39a129f74f502d4e6,257.81598703284346
0x56bef46a6482b630574b02f766a403320937b0c6,1355.041331373677832856
0x56dc815f137ba44a65694f90cd79cadd81370488,0.006539728420114907
0x574be886251bcd8d9094bce18c6bb428a613668b,689.8537094523
0x583b4d6be74bea8a5cdf0a36574053edc344331f,0.006906642868
0x583be7ab5d95d2100bb2022f9f8849ae6018aabe,268.9317668402556
0x58f791ade0e72334238677060e469d7b85456358,10708.250000000000458752
0x5917ddff7d28f757d8452d4e313ac36c9afda630,1549.70181
0x59b2c6b541bd80c71fcd1af6e85f8bd11f3d6934,442.1913795096826
0x5c72b09d6c3494273166cc90f27481128121d174,2096.37973160635181391
0x5d12572147cf9f21a15e0297e4bc7cbebdbda0b8,1474.364812965511
0x5d4d664d073471244aef70afbac7d84c9a545743,5450.326516206008061727
0x5d5ac8898c2f3eb3a2d586afc89eb03cb7846bbb,0.000125613984387006
0x5db5acaed92abac288da6ae2f4996f89d3902330,45168.201110343814065536
0x5e1633e2b15010685c4e355dc76297d8373f9dd5,360.90117969077258
0x5edecdd3f180cb371a724718a6b37c3390f57b86,2100.49181
0x5f24d718fcd798f43d37b20e7c50c400b82891bb,5071.9236856912851764
0x5fc6cd16909cdcb4b56edf634fca90a2cb0500b6,8140.253898188690323039
0x604fd492376548f6af577107f4b6e58999df12a1,1126.24228614898009
0x605bdd2357122d3874f0a2dca06254be16134c42,316.170917399349276968
0x60a11c355bfed5b907088665358a896a8331e269,707.30919376880021
0x613174b2ca69a9644cf0e2e9dd0b628b760f1418,3804.999388203147492
0x6149f540c63be0827828b43adb707e83d7e39d32,824.1804073759701
0x6154ae17c0baada6df0064fbe1f3d527fddb1821,2402.81115552706013178
0x61728de7a3f724979336f6c850702c4696c51cf0,5958.383727408885
0x61e1495131879182d2e3f99a14cca4d4c1776086,78.843224
0x6255c8305cfe99cfbfa2f567fe992583846b4986,4163.964477253963
0x62d029e0090c2d670d1775ee9703e5f107700335,832.00609720502377687
0x62d94ebbfa9a49f537b192ebf3899f0db2b4f6c2,517.757206412083
0x633f8aa64990c4f67a904b5dd6bf5f03e49a5baa,4000.634782454620842196
0x634a3335ee8c5c2c4131617777059e3356b0d7e7,47.659885929827325
0x63a45cd0bdf50b541b2cf3a301e825dfdb037393,732.760164743
0x63fa668664563400309384ba95ff775c33e5d7af,2700.931771995203
0x644633c7c5489c8c096ef800e00c6f0a1d534bf1,663.230614315619
0x64a8b408fd88bb2d61aa43ed7bb051e4e906f2c3,329.1117705806178
0x651817b6b7464b61c6c6ef87da2bc84ee0e64377,19.078288059763064
0x65855752016df4211e38970d07a0ba76b3175a76,220.13962088159167
0x65b1b2bf4ff124499387fec89f64d15cde671e98,758.36655442447071261
0x6676773ecc9b6876e72d080c47ec1ce03959fc87,32.15
0x66c10861e0956f773379a30bbca86d639976c906,104.494206733446261593
0x673c3d0b0c19c2579790d949763e18784e907ff2,372.672596518659345463
0x67a5d3bd8d8143d6cebb833df0e6ff0be039df3f,721.8663447341375
0x6940bb330734845c1bc1f7daae8a26c416ba598d,7681.603620000001
0x6a433285f146ef412e050d92c2c15cb2b3dc5ece,934.32262
0x6ad0441f7b6e63509821adeb6672898de29de5be,1309.0803877803768
0x6b675a86bdc423dcec716bc84d023c27c8302b4a,58.01002316363525
0x6b84795b2972d1f09ad3adff836dc6f8cf60c478,352.001052
0x6c11a995a9184f3d2faaa72a64a40d6b7ca08860,3990.273750727112967232
0x6ceb96f2e20e6e0a0093a894cd6d09472371bad6,28.1267401217825843
0x6d33ecd723155522d597682df1f0ac10e7d7d9ed,40435.26288921597
0x6d6d4fc33fa3330b21c33aa4f622ec7a56c9d499,3896.152148998641167232
0x6d7ffbb6ea9c9b8ea094816ef152c9b3e1730381,954.44
0x6d9fe6b85ff5d90639c89e48ff77c70b7477b8b6,0.001694799064065536
0x6e0f0d25008488f9c8f883a84e2ad3603b59624c,68.180000000000000256
0x6e5c091422e5023ae8509b296bd66ea7315e7da6,0.00617704571637232
0x6f025fdc4f07b9523cf0935ae471d39b34fcc787,0.009419999990221072
0x70065f20f6299cf360925aa0d3b7097c86e6cf36,9.0
0x70f1bddfe9dc458ace77fbcac7b3236a57d49a63,1394.0531507397508
0x70fceab3ad2d21909f541f09f441c4f19ba66ddd,85.24851299180435778
0x717abe6ae7b3e0326fea06c7d0378b401543b5c5,0.0085824965133
0x723fecf1a9a20230e3fd6c35160a4f1943a441c3,80.915264577121647647
0x72a4ebb4d42c599a2cd600e0625851142f53d8bc,2109.797765107891
0x73110506f21605872ff5607c421a9e928b05914b,7078.938472700788908192
0x731f52bb6b971495f53d329e66a7cbe0f192c2ce,210.98444988365762
0x73389049804fb5b62fbb4139abb920668a1af08f,0.003531368682717164
0x7347e21b6ede506b17cdf0814db344731f3a8b69,3636.75655553742
0x74293894b24f0f716e4d9aff1ef6491394930cad,627.2378919984964
0x74689b817d0909f7b6d5a4ea866d9354a1fe472e,5209.213233770123
0x750d82b971d82a367840016896ef1f325493a1d1,2148.667915215105
0x7606f0efb1ef41aff367c58c16118c45643a929c,1400.6945292051622
0x7686835c7a82fff2e8b6cc31e9a86d5333825a63,0.003109068795765536
0x76a4307142ad7f4647163152133ad223c988705d,17.040968995907303032
0x76f0c2b20fc474b20df5d5ca7b8a265e87e1a6d3,1669.8826110558158
0x7701ea24ff3f7f2d27a490fd56be79f934a513dc,4100.00557480385021
0x78173cadc97432e09d6d00d7894b4074b83762c3,0.003263360194997177
0x78b30deebaf0e40f544cd369f78dd71dab7ef76c,1060.934799826815194851
0x78f187b1fa299271a39aea768b3c2d2ec4a7d12f,0.008483966037931072
0x797bd27657bd7187eb9187f71fc0db842adf84a0,2295.4958100000003
0x79aa2367e761387708ba94a2220d37b4521ab3e9,658.3269982466986
0x7a0a7ecfe2fb1cf265f71284f2716219d0e9d3d1,251.7954305
0x7a0db1fe7230b8cddb2f9927c761770f8b576a56,107.62863
0x7a6765d61b32710a03e9a4232681e18c89d267f8,877.0322972550076
0x7aa4bb1a4fd76321089aafae5a5db3bc261e6932,14287.07650192967484
0x7ae65cdff34a82e6a8e443febd240db3a20142df,0.009924561433
0x7b52e943d90d2c6cab38e589202713bb0e410e45,488.1483548483153
0x7bbd51580c11eef92915775587a7aad382cfd7ef,0.006008011920584337
0x7c12f55043c6ab71ebd91969e5f9e476368335e1,15268.549549523727611946
0x7d93a62f70e8af86921c987c696dcc38e7bd34dd,2672.672561
0x7db643c47a1f3eb0932198a856e66aca318dc728,300.8019312053322
0x7e6263a5911d5703e9f43725d34d1c439acee1f9,1399.50040207772994
0x7f0587a6d8b893e0ca5215d0a4a8c9f4ea01eeed,9376.51058468000001
0x7f2f053c29c578e367dc0f847a1e7b6df4e5a1bf,0.000407110557808021
0x805ebb94084e01da57c4bc70b6fe414af9148596,0.1
0x80b26ea44bab3d39516094b479b9565d9e80d4c6,7343.47247241403500265
0x80e428a54796ae0f42a16820b9e423c7e0160054,7302.42916948126
0x80ee8165c45e9fa8895ddac3894e80ed0707168f,4208.169999999999934464
0x823e25c856131dfdc10332dd3d6133ea53354498,1832.4228849895095
0x83063059f77da6f2af48ceb5d200f354f2d94598,5337.299348902234238919
0x83270e80fc78210a04eb2d26f9e648dcf5b09492,184.17688638914301
0x8343629ff42688bf60292aacd427873d1c8785bc,572.951709663324
0x839c3822af682cb2339d973a6969b024232c8075,5468.909900843111
0x83f26558be7397ad0b7ec314e92d8ff2a1214ac4,389.64652892202097
0x84197fa35061a353fdfab8ee125bee39668c056b,63064.253159478510225454
0x84466c4f5c42a49f8096d26b94d90fd54fa9531f,176.031005042946305809
0x84641433b3e562d610d19d28263d727109d124a3,1205.830914
0x848e27e64ef8fe02524092e511580da957e9d1c3,0.00802153837832
0x86d57040dbe3a37c0e7c97fdbd29fb15a6b04f32,3139.3290077915576
0x87d42e5243512dc21c83630e0d15159d6fb6d250,74.70252803451953
0x87eb4de4881fd4052aa36b9913c89daf50e19f6d,0.006881732928675111
0x89203e21658f5f0d3bf680f8ebc3a092c26f027f,5130.85158014
0x898c36bc24df391d8bf220587f29939256ccec52,691.2599440348364
0x8b78b3257e8ee2f020e59ec5c5f526f7b72834c9,704.461348366
0x8bb046a2a09eb2edd8671bd9f243810a850f3883,0.00512916040516
0x8c05776efb1f4692164f5d6aff986b39bf5f4651,44.345258962859147414
0x8ced55ae072b5bfc60b49e8f9b2b84ccb26aa55c,2591.0632279227875
0x8d0babb0537af2cd49568048af23f98fa82e7157,2818.588979999999934464
0x8dc80ba9a5363af7863b5b9104af1ecb3ae82703,3589.336479274991
0x8f85482dbc4de4d49ba815644325590925182ab4,1844.62959289337005
0x8f8bd7efdcaea50771f171243889f73de4ee4059,0.007830225586140114
0x9077f40c01f1a1a54eb7afa8d2686cbbf0f46332,844.3174143504688
0x9125dcced615aa7c3059c206692979e8932c44f9,533.9795603077111
0x91cca8cf03fdf510dade6649a25cc5ea6fc9bfb0,200.0
0x91d45c9ac90c240062488364ecec5e6cb46d3f89,522.67580000000004
0x96a43d999601bc4c54a45d07db1592ab801066bb,364.110807175055222375
0x971794337891dd2dca2ac05bc4dd580708d5c560,354.5319055453268
0x97342a2138418835d7a15cb637826b330297c63c,200.7042495602389
0x977ad972b7091ed5ad65dd3b1df9765519073974,13750.466147915821
0x98b221c9a2a77b004858fbb658bb7b76e9366967,0.00726512340746
0x993cfa15c9dcf60878d637229a2142bf6eb8d95e,1342.5089912601901
0x995140a40abb86537578bd6fe87740275a1e87da,942.113214521
0x99937bb7a739787933392415b16a729b149deab4,402.097036856595210862
0x999feec1809624607c5bfc082fd3a64a5ee84c1d,1605.44362
0x99c3ad23644d56b88732791c5046f6467f9c2bd5,1865.39568061110553731
0x9a31ec2df5d42aa0537ff845b01512112d94a7a4,902.057617390879694023
0x9aa56e544abfe6ab03cef67d5c2d1066af37443d,4840.170000000000065536
0x9b65df1adb9ed083a9707f750f4d4211eda92314,4366.98114422219283
0x9bc0bef77cb8ca8d69fdc3811339bffb5713145c,69.170000000000008192
0x9bcd1c8e4bddb3a44221e48d24471bb141bdd2c9,163.02378168297715
0x9c0608277bf67f4b16864cf46f03502c3b279c0a,854.8810853547648
0x9c40f24f7b25dbf221343d6600286cd78a733b88,914.973464301140964167
0x9c6c56700f4952d45896757ac098968e97695a55,13145.0815068
0x9ca627de8e06213671b6166717c8cf876c1d7808,987.219999999999935744
0x9d0113ac97d14df7684e5786705b960f52e6bbc1,338.35995745043498
0x9d482bd75aef545cd48b778bd4155832a335090f,307.17676994324194
0x9dd3857aab8361abe86d480626e2f2da09238eeb,84.67
0x9e4aff4cd52f9c4bdfb0d0f68e0539a506d21385,410.5797102766526
0x9e60fdd32a5bfe278f18366b7b5eefa2c228e4a3,0.00698078640513
0x9e7a7746cbc10df47fbe5bb63de6f40df2755999,0.00794446971006
0x9e7eb17ad6868322d6655a98906a58c11285cbe5,308.456710951684316993
0x9e99b624b516bf44ba76be440b8cd9fc8e44743c,2275.605142902297
0x9ea2542b252e0fd806ee5b7d2f0ea10ccbd65146,1708.136757079696980754
0x9eaae5a5421fdf319bd28ef6166489614ec29748,18684.7780823
0x9eef3fd0666c3373fed093a70bd578f1f199acff,0.004992278622687069
0x9f6a694ca1c9c8cbec17f75282778444d16fdd65,0.004331164732765536
0xa06413bfe2e2a1b37ac1df2c9cf2e6f22e5a0b33,5.816112524373
0xa065237d1f3e4436e8750fe3f75df0cefade6bb7,694.0633512313021
0xa0dfa455a02066dc3fd8c5b2e6d1c9c9705fda8c,442.59998220638494
0xa0e8c4f5f58a0fd783dba40cf89819c9db7fb6f6,0.006758767368
0xa13b6db48cdfafab9f6597c272fb43c50288da58,340.0964224529532
0xa17cc9878bfad3d3f7f511e9b97b8359b2777068,1181.5707022647512244
0xa23ca346aa46253331b63f54a2418c7832a1067e,1851.211893658825
0xa23feff15e7dd14b8991dc67f53f3102bc20f794,8267.636946144808
0xa3dcd8e2f1bba0898f58737d7c9146ab010921af,1.54
0xa54751454518e2fba043ebdbf1b24bcd6a1e5c0f,583.396571833174
0xa55e05dad1aa56148301ebef5858bf03fe551bf9,717.53977363510401
0xa583056ed00f86ebb59f35d2e67848e6709a5acc,440.3095532037797
0xa598c318d42f5c305b65850a186a90ba4b6cd6e6,99.23214704949991
0xa605627a93aee17fd0ef191baaf13e3d65452537,0.00156066739001
0xa618749b276626c17355676e68826d22ca71668f,525.16181
0xa6444219b7941150b5d05346db423118d495dd3c,137.2411231993344246
0xa6cad74601d179b514757e68353a3befe3a7b679,4602.1719828939118
0xa6de949c0eed453532489753efa046b1d8eda441,572.7618583926499
0xa720d3dedbbe046f4f39c58706564b05efee51ae,972.8126635602193
0xa775c8baa01d219bd9443dad3977a197364701b1,0.0001174810101
0xa8004a71563bd339a5f23063dad786ad320dea8b,0.004266359104
0xa81303b1bf504d15d92c9a78adc4d61e19aae36a,2957.28442252485335
0xa89cf6748fe7088367fea97fff8287db79394c69,58.910118635455360068
0xa935f8806e2a3cfe0d2240b7b8a2f783e0aa9abe,378.302760940665
0xa95b83cb8867470dcdad414810dac5145a188e00,846.56340201299
0xa98f4251a66bd1a068a6f03b076b4951ba4de261,1681.4497563762392
0xa9ecea9fc447935df72b19ec74309c5fb81848e6,2808.8538192963244
0xab2dc39c24741181cbc4bf62d33f75033afc8e05,0.004718582160469
0xabbbfa29ca2495983032417bb599dc1c7248909e,2275.02470914712
0xabc417d163877f6d08f4375d0ded714206d4c8c3,29.19064800527345
0xabd259ac0d3e94ae65793b68ccbc0b6870e43aa9,0.0056014889828
0xabe9ae9cdb87771c2a3fc43311e46309fc684fd6,1148.0841397885954
0xad0a1f8f2b6ae30fff3eab9e793ce19bf8b41739,574.405946713168975
0xad8da72fb6c0bc3b27a67dbe0daf8ad1476c8d20,29478.423818826309421492
0xae2ca60e5c62a9928fa0c51bab13566034c66285,45.446015500687130904
0xae7aa1d747fe2931cbb96d405650b99e24dad302,0.001995715849065536
0xae7b63dad95581947d2925a9e62e57ccbb2da046,2.0
0xae877e9d41d2fa49d45240b2dd7ffbbec0875768,4782.32114745735034
0xaf94de493609732df43bab23d3f00859211ac347,166.841778282076928753
0xb0736d4a501a695522ea0dfae54b0453a70c8eb0,59.84708907966047315
0xb1485108ffc1d775fda647e591f6da23e340f587,2516.521084435844
0xb17a0c093b326fb551c9acf989941624ebf8636f,682.988500744
0xb232b6791d83fce7a99222c63a525c88c227a53d,0.39
0xb266d7157afb1c205054b8c9d481612c11cef4f3,404.73293144200437
0xb2810ead39e5ea6c371bbc1df8c00e1590d2da4d,2190.505409737719235565
0xb34351721a29c0b302303724922ce3060544dbe8,500.55
0xb4253bcd1c36fb632484a9568e60733a4caa2294,1460.3262365580796
0xb4b3320aa3137b4311f5cb8373ba0bee1f9cdcb3,1008.9012189470938
0xb4b4fa0875ea06ef3c0cca9134f49eea39c11375,790.849015797768
0xb56322fff5ba6f9e4d7b8dd126e38da0bc95299d,0.006767756456803392
0xb6000324930f03b332910a1776b7338fca7f1f27,0.00858509932686816
0xb6aa99c580a5203a6c0d7fa40b88d09cb5d65911,0.009762674418470364
0xb70d8f9e92bfe4b6cf11eca54a6504ba15c5b688,1053.41736683
0xb78dc9ebe41a42953dc45b003e6afa530ad939a2,878.649295887524859947
0xb7b320531275f67d82708ea00a5b8151ebef6d01,721.790069185173497662
0xb871be29a41730ff7939de809d581c6121f649cc,409.73087668668194
0xb948a5799f2bb7af07dde094cbea82caf7d4371c,358.433153217185554
0xb97000cea6153cc6921cfef0c1d0d28817e7a7e5,1217.65374195639994
0xb98f907e3359cfcd0892a6f7c2132c2518e16efd,2156.31259765241452719
0xb992e179423d23ad1b51d61779f7a9df93730cda,4332.734619999999
0xb99d45612548a9ddd4ed063bd1638ccb28957a6c,7261.742116476392453329
0xba52b6e18fbc8f9609026486619e4edd65f0a1af,482.14203359550924
0xbaafff9a81439da7fb8a3e62f2dff758e059e039,1754.3208538701294
0xbaba3af8524b044a4ab2956789baaddb93ca7725,368.504202094148
0xbb9bad4e1f5f5d30ad0b4e9ed18d2cead3d63177,0.00981
0xbc908d7c66f680a73977445a415b2f712c01ac12,217.789019216712522628
0xc036ea11a24e1f791ceaa780402726f6c68fef87,10.751182094859556614
0xc154e86dff0a2abbbdce288bcb88572f45497efd,1001.34123461067166237
0xc312a3791ef0bb7658962c70b084197a2d97fd11,3255.0359248398668
0xc34b25bd344c1e0c240eb6b028b064fc2147996b,1248.3747199999998
0xc3d9d1df56176326be2e347694c317f4acc4462a,50.497328420363795
0xc53ef1fbd8d2e5f050a9e8e70125b51afc01ed05,557.2075335828403
0xc662f171ded61b56cd289c4dbcf1889ad0dd1e2b,138.75467911784844
0xc6e8a321f8204ee3793262e5b5623c381770527f,754.815142023743
0xc71e96dc7b109bef0d07844cc2a0838ff30e528f,2975.1802377288633
0xc80c40f6222659589cfb4ec66502561e5209fbb8,3640.93469799007164007
0xc887959e93ee09d2ed9302d481da66d2d09baa4e,386.219021953628680264
0xc8c2d46d3952791cf830cff2e5e49b6c1c23fb2c,606.9627183246612
0xc906ce95d7e40eb9e9ffcf280b2a5a081c6e2f71,343.6799905359169
0xc9127a82dc69093dfb49bc75d556a2d45899d3ac,4291.210000000000002048
0xc9505911e04c97be1459643dd6aebb5e44387798,72.119735894458450128
0xc9c681d3f363bac220deacd4a64f80b68b9a8401,227.0
0xc9e7da3ae71d64c95d2699c133758349da24fd93,4013.98000542
0xca269341f8971f8b5bd3685764ed369cec429878,143.14175383530556
0xca736bade9a8edcabdf1c42d86c2dc646df48489,859.997129855260798976
0xcb482f29679e0857666bc111cb5b74e630a1095e,964.777412085
0xcc112a107abe98901b9efd9ac4880a143df48083,7529.249111674839755536
0xcd7beece0e8060d6e11ad1a07e28029c7397b0e7,30.214998901769096172
0xcf60582072e14058173cdbe8e789e7dd96f88519,260.14001424046285
0xd0d17b7a7883dbccea51262fe9e8463b3508ab48,0.000078429
0xd12a43cc391071eb73884f131ede48bec120694c,0.008797735614131072
0xd153a0fb66fb4d57ab216529d61d2474ae1ab425,1890.525282677659101536
0xd18b6eed9dfcf0d65f4bd875c6ae7c57d0e8edb1,221.171418514559495528
0xd1d926f4d593aa7b7641ad382b1ca80d16675680,0.0087287636231
0xd250a78f11062136152124243c9763b232c05902,1177.724565216996529888
0xd35fe109ef6a7398eda304a059ced84fe1015792,2507.416461707117520376
0xd41f166b203a10cdb24c08b02a649d9d504449c5,128.2703102723755
0xd43f974fa5f9f3ab8aedb3121dc614366d8fd24b,6544.399999999999475712
0xd46c1a9353517e0176aec6f874e201da197e5d84,555.2790788489164
0xd628701da895bb0202fa2aa378850a38df7dd4b8,949.6626311078991
0xd67451bd22cfca3502748f19ffe238eafac5ab70,507.76331968870163
0xd698dcd09771efe3379567332cd35f2421349c98,40.0
0xd79a1e51b75b344fd3aef77a80bcf93aa3659e4e,346.18898166599321814
0xd87d8537494e703eb56d852c74726fbadff4b818,68.301304098415014
0xd90bce634f76748a77b6898dfe92ad059a44f855,0.00751908010404
0xd93e036a2a3bc252a4b1a1269e640afbe2ac8a53,725.2305909901992
0xd9a92d74c6c85f23067a36b6577eb7887dcfb1ab,0.004455520737737856
0xd9bea432a3339f57e4dbcbd9b3c02b3b3e3adf05,1088.845611651717438798
0xda07cc5b3a3337ff7cb7e814b90721e8700640c2,322.9602293829189
0xda399382f2bcaf1199d72d0e76592eb3147ac8f6,6000.0
0xda77cb90a29bc56288734e2cb2f97becde61c7ff,107.35107079440625
0xdb209f9c201988b706b7a093dfee8dcdae688251,547.1070233440276
0xdbccc7309554d0810cc56aa6e04dbba6c73fa1de,0.005835012568765536
0xdc77669b714be1169e163f421545f08f62cd04cc,204.00070074849101
0xddf55e11e883f8d425053a3420ea313be05fd9bd,89.980041410044133974
0xde001326d99158d631514ab163e84be454a8857e,215.143355988030846516
0xdeb748bc32757f0aeb2451ce7df48e59a17ab7df,7132.7770985249705
0xdf1e4bdc3d977d0f81e07ba22d66382fec1aadbd,253.858883563687575
0xe0eb95609b7aee1579c838e8802e7d90e4c19ee5,787.364926495462890912
0xe113e7b1e8ecd07973ea40978aed520241d17f27,1954.383676810756434464
0xe1772941a240f5dd4cc7a55e18b3c61ec1178c59,3818.2582152539924
0xe1cba71f8c268e866c1070c233113a0bdf2b2869,536.114078094607293486
0xe1f2d191b6ff1f1ae7a365f2cef4083a3b88af4c,55.231671709088825482
0xe27c6d0626c87faa401dd55f9d8bbc99076273d5,25004.30285027746
0xe29759027cefd0b7defa61266ed31a8f32249ece,5700.07671127658533
0xe2e77cd237be44be96bcff66f1d73f0292e55153,3228.139233700577
0xe3a04324597838ea978a5383b5f593f1386c9e03,6445.730551300782103142
0xe47e42308c27ccb5a7459e54f1d21abe2dbe8cc1,116231.10197905774
0xe564c2192351b9d2fa03d140b124009365591253,613.857999404157
0xe65c0491320887a409711c02b44779a0444d8b25,6427.408920364974737856
0xe7fc084d8e9c793bccb086270474a0ef5d0d43d4,0.007728392908631866
0xe98566189ab596e7ea585e898ee0fd580a64d179,1535.7475231280986
0xe9c0da73d0993ab483004998bee533e357e5e15a,700.295511517890319188
0xe9ce1ca0c3a0fc24ef65d8bc1886f060368ccb66,87.0221386548139004
0xeb96a35b1728c4381b8ab3cbf8959f5b30e14141,157.53085392358772
0xecfca6f723dc00688599f8f0ca0a43c75ab5b05c,0.0014691062368
0xed008fa0bdc93c588af3d1d26b312cc5e0e4654f,11209.953301597545
0xedd53f7108c13b36881a386a6589b3f01308e6f3,391.34385200913414
0xedecddf102e734ac6cee3bb18a2985379a3e729c,140.9166628390153
0xee1bcf7bcbd455e13e32e7b097d5cd3353705b2f,407.954758549502952048
0xeec4bf3ce1d90c0759c2dead76f66f458f9170a7,263.93903877840914
0xef0b5c05835a03045fdb90a199973f59dd38c7b8,909.5753380010917
0xef5fa33e7b26e9dc5b2caf55a8fc42485a44fee4,1567.282918670000000128
0xefd8ad10be340fc83c9f338a8c3af35063ccbdff,0.000684721495
0xf18a33a5f38bb2e855ff252f88781d436e4fbc14,1897.4165900872338
0xf218caf1aee1f12076848938831efaf24a3c5cbb,153.36514329500354
0xf2aa73346195f652b29b9d181becd5919b78950b,0.015166214066765536
0xf365eae95b8f43fcb76c57152ca5419a2b4aaf0b,502.3728928153073
0xf3f753eb1bb77d76d05549870d0a0e6fddbd2351,2288.331259238636
0xf4448d68ae53ecbd3145dd3262af69b17d2f4693,1227.63
0xf4da35150e4114dbe173d53cfc5d6d3ce540ab6d,5253.536294070726
0xf5540cbaa1859e370d56a714db63a8c52ad3f1d2,2331.625828611973
0xf70feaa153a0ffc391525c1226d6e0f00edf9974,2.002362799467842831
0xf7aef5fc0f5d6b030c417d6a44fcc23497cd3e0a,8620.317240000000196608
0xf8153167313ce9cfcb45bd4aff2b543513388163,36501.39707724337047886
0xf8532c929a3e0d39d220d576b823d13b03618609,1200.272981691965
0xf8871fc1f17d6d4087fd6ebee178601c18d1be44,1658.57399906852
0xf8e927cf91b9e3c447fd0545d7b763ce105f34f1,0.0015751897988
0xf93b0db77c4e63bdcc0520e43627c0d174da93f2,500.57005741230527
0xf967065af2b5556d57e7b130f2a2bd6a984177bb,1424.3670664888502972
0xf9f9d75357da18f9c570aff93dc235b427e12827,241.78010219409373
0xfb0c24023cc894a6502b10704384e4706d9a4c0d,779.92204699175595
0xfb484e136c85b961473d385093b1ab071d407aec,320.530000000000000256
0xfb78fb2eeb539496ee6449da692ebcf774df451f,383.8422545601495
0xfd92ac53fea10fd022e9a94b7dbcbda95809fd5e,0.016204336716362003
0xfe3749851acedfd4793c5db69a7a5cb4596ec1ef,252.2270204141945
0xfed2ad80d074d43fe2ecf082b4c72901dd74809b,419.445209891443523558
0xfef0f985a9c24b056a4697e6e9789716250fee0a,376.1229634472205
0xff213a3cf5e26696b60ff2e575bbdd090fc78559,1519.445002159938915017
0xffa88a7e496e2c461fc1b78f8321aa4ad62dd868,971.7969767701174
0xffd00696c13507fde9eda91686c4fc25d9cb9dc2,417.19594709671765
