[
    {
        "receiver": "0x036d6794fdDE4b5c4ED216503d0717783dF900AA",
        "sendingToken": "0xe1d3495717f9534Db67A6A8d4940Dd17435b6A9E",
        "amount": "1.0",
        "dueToTimestamp": "1711729965",
        "dueToDuration": 3,
        "dueToDate": "Fri, 29 Mar 2024 16:32:45 GMT"
    },
    {
        "receiver": "0x7C12f55043C6Ab71ebD91969e5f9e476368335E1",
        "sendingToken": "0xe1d3495717f9534Db67A6A8d4940Dd17435b6A9E",
        "amount": "15406.159999999999475712",
        "dueToTimestamp": "1712953537",
        "dueToDuration": 4,
        "dueToDate": "Fri, 12 Apr 2024 20:25:37 GMT"
    },
    {
        "receiver": "0x84641433b3e562d610D19D28263D727109d124A3",
        "sendingToken": "0xe1d3495717f9534Db67A6A8d4940Dd17435b6A9E",
        "amount": "1244.009999999999934464",
        "dueToTimestamp": "1712955836",
        "dueToDuration": 4,
        "dueToDate": "Fri, 12 Apr 2024 21:03:56 GMT"
    },
    {
        "receiver": "0x7d6897542DD5340761A61B6C0Cbfc624F647310B",
        "sendingToken": "0xe1d3495717f9534Db67A6A8d4940Dd17435b6A9E",
        "amount": "561.65",
        "dueToTimestamp": "1712986868",
        "dueToDuration": 4,
        "dueToDate": "Sat, 13 Apr 2024 05:41:08 GMT"
    },
    {
        "receiver": "0x3BE54703A235A4EDdfA2eC1549C135674Bf1391c",
        "sendingToken": "0xe1d3495717f9534Db67A6A8d4940Dd17435b6A9E",
        "amount": "185.94",
        "dueToTimestamp": "1712995891",
        "dueToDuration": 4,
        "dueToDate": "Sat, 13 Apr 2024 08:11:31 GMT"
    },
    {
        "receiver": "0xEc757B768f53607260Af86Ac2D9f32804A32e7E9",
        "sendingToken": "0xe1d3495717f9534Db67A6A8d4940Dd17435b6A9E",
        "amount": "2603.63000000000032768",
        "dueToTimestamp": "1713005246",
        "dueToDuration": 4,
        "dueToDate": "Sat, 13 Apr 2024 10:47:26 GMT"
    },
    {
        "receiver": "0x583bE7Ab5D95D2100bB2022F9F8849Ae6018AaBE",
        "sendingToken": "0xe1d3495717f9534Db67A6A8d4940Dd17435b6A9E",
        "amount": "273.89",
        "dueToTimestamp": "1713007866",
        "dueToDuration": 4,
        "dueToDate": "Sat, 13 Apr 2024 11:31:06 GMT"
    },
    {
        "receiver": "0x6752647Fcb33D9d8953F6fE8444DA53027941B43",
        "sendingToken": "0xe1d3495717f9534Db67A6A8d4940Dd17435b6A9E",
        "amount": "5334.14000000000065536",
        "dueToTimestamp": "1713027302",
        "dueToDuration": 4,
        "dueToDate": "Sat, 13 Apr 2024 16:55:02 GMT"
    },
    {
        "receiver": "0x1F88d0F55931fdc1DD95a714BDF7208ef9B4AB4f",
        "sendingToken": "0xe1d3495717f9534Db67A6A8d4940Dd17435b6A9E",
        "amount": "19.0",
        "dueToTimestamp": "1713031562",
        "dueToDuration": 4,
        "dueToDate": "Sat, 13 Apr 2024 18:06:02 GMT"
    },
    {
        "receiver": "0xFf87cc4f0aDf42Cd94303BbC12349b558f4eb8c4",
        "sendingToken": "0xe1d3495717f9534Db67A6A8d4940Dd17435b6A9E",
        "amount": "12.07",
        "dueToTimestamp": "1713054161",
        "dueToDuration": 4,
        "dueToDate": "Sun, 14 Apr 2024 00:22:41 GMT"
    },
    {
        "receiver": "0xe9Ce1ca0C3a0fC24Ef65d8BC1886F060368ccB66",
        "sendingToken": "0xe1d3495717f9534Db67A6A8d4940Dd17435b6A9E",
        "amount": "10.0",
        "dueToTimestamp": "1713078703",
        "dueToDuration": 4,
        "dueToDate": "Sun, 14 Apr 2024 07:11:43 GMT"
    },
    {
        "receiver": "0x6c934a68596AfFBb11FE2dea26cAe17792B075D7",
        "sendingToken": "0xe1d3495717f9534Db67A6A8d4940Dd17435b6A9E",
        "amount": "199.87",
        "dueToTimestamp": "1713184828",
        "dueToDuration": 4,
        "dueToDate": "Mon, 15 Apr 2024 12:40:28 GMT"
    },
    {
        "receiver": "0x43eB6fE17D7CC599AaC8b095B5CA412f4C72a2DD",
        "sendingToken": "0xe1d3495717f9534Db67A6A8d4940Dd17435b6A9E",
        "amount": "0.1",
        "dueToTimestamp": "1713268537",
        "dueToDuration": 4,
        "dueToDate": "Tue, 16 Apr 2024 11:55:37 GMT"
    },
    {
        "receiver": "0x123399E82844c374e3f0d40D3709654eD40585BC",
        "sendingToken": "0xe1d3495717f9534Db67A6A8d4940Dd17435b6A9E",
        "amount": "39.11",
        "dueToTimestamp": "1713274392",
        "dueToDuration": 4,
        "dueToDate": "Tue, 16 Apr 2024 13:33:12 GMT"
    },
    {
        "receiver": "0x7a0A7ECfe2fb1Cf265f71284f2716219d0e9D3D1",
        "sendingToken": "0xe1d3495717f9534Db67A6A8d4940Dd17435b6A9E",
        "amount": "260.019999999999967232",
        "dueToTimestamp": "1713285250",
        "dueToDuration": 4,
        "dueToDate": "Tue, 16 Apr 2024 16:34:10 GMT"
    },
    {
        "receiver": "0x6FB60326F6ADE54a1535c45Afc57bcb6f758594F",
        "sendingToken": "0xe1d3495717f9534Db67A6A8d4940Dd17435b6A9E",
        "amount": "23.56",
        "dueToTimestamp": "1713287122",
        "dueToDuration": 4,
        "dueToDate": "Tue, 16 Apr 2024 17:05:22 GMT"
    },
    {
        "receiver": "0xd396dC48Aef0829BE905D63110a3D5AF39b95Ba9",
        "sendingToken": "0xe1d3495717f9534Db67A6A8d4940Dd17435b6A9E",
        "amount": "346.74",
        "dueToTimestamp": "1713305111",
        "dueToDuration": 4,
        "dueToDate": "Tue, 16 Apr 2024 22:05:11 GMT"
    }
]