[
    {
        "receiver": "0x516d9154c2e5de087b0C0B45602Facb7f1A80250",
        "sendingToken": "0xe1d3495717f9534Db67A6A8d4940Dd17435b6A9E",
        "amount": "441.0",
        "dueToTimestamp": "1709653122",
        "dueToDuration": 4,
        "dueToDate": "Tue, 05 Mar 2024 15:38:42 GMT"
    },
    {
        "receiver": "0x9F6A694cA1c9C8CbeC17f75282778444d16Fdd65",
        "sendingToken": "0xe1d3495717f9534Db67A6A8d4940Dd17435b6A9E",
        "amount": "2005.769999999999934464",
        "dueToTimestamp": "1709660841",
        "dueToDuration": 4,
        "dueToDate": "Tue, 05 Mar 2024 17:47:21 GMT"
    },
    {
        "receiver": "0x036d6794fdDE4b5c4ED216503d0717783dF900AA",
        "sendingToken": "0xe1d3495717f9534Db67A6A8d4940Dd17435b6A9E",
        "amount": "0.2",
        "dueToTimestamp": "1709751642",
        "dueToDuration": 2,
        "dueToDate": "Wed, 06 Mar 2024 19:00:42 GMT"
    },
    {
        "receiver": "0x128C8c805DA373574cC4f98e2bf725da4892d1cC",
        "sendingToken": "0xe1d3495717f9534Db67A6A8d4940Dd17435b6A9E",
        "amount": "439.38",
        "dueToTimestamp": "1709752901",
        "dueToDuration": 4,
        "dueToDate": "Wed, 06 Mar 2024 19:21:41 GMT"
    },
    {
        "receiver": "0x5005479f52d33ecC1825c62A72C58147F6c568Ce",
        "sendingToken": "0xe1d3495717f9534Db67A6A8d4940Dd17435b6A9E",
        "amount": "133.75",
        "dueToTimestamp": "1709780424",
        "dueToDuration": 4,
        "dueToDate": "Thu, 07 Mar 2024 03:00:24 GMT"
    },
    {
        "receiver": "0x3Ed97069912e198C35fB7D924618e5fE8081B093",
        "sendingToken": "0xe1d3495717f9534Db67A6A8d4940Dd17435b6A9E",
        "amount": "26.35",
        "dueToTimestamp": "1709836808",
        "dueToDuration": 4,
        "dueToDate": "Thu, 07 Mar 2024 18:40:08 GMT"
    },
    {
        "receiver": "0x583B4D6Be74beA8a5CdF0A36574053Edc344331f",
        "sendingToken": "0xe1d3495717f9534Db67A6A8d4940Dd17435b6A9E",
        "amount": "204.1",
        "dueToTimestamp": "1709859829",
        "dueToDuration": 4,
        "dueToDate": "Fri, 08 Mar 2024 01:03:49 GMT"
    },
    {
        "receiver": "0x40cD4800E2F4CDCd3f0115Aefd9519Abf4a2b84D",
        "sendingToken": "0xe1d3495717f9534Db67A6A8d4940Dd17435b6A9E",
        "amount": "212.45",
        "dueToTimestamp": "1709889012",
        "dueToDuration": 4,
        "dueToDate": "Fri, 08 Mar 2024 09:10:12 GMT"
    },
    {
        "receiver": "0x44AA91443cd386AD0526796E650695BAB9da5a21",
        "sendingToken": "0xe1d3495717f9534Db67A6A8d4940Dd17435b6A9E",
        "amount": "71.879999999999991808",
        "dueToTimestamp": "1709892728",
        "dueToDuration": 4,
        "dueToDate": "Fri, 08 Mar 2024 10:12:08 GMT"
    },
    {
        "receiver": "0x036d6794fdDE4b5c4ED216503d0717783dF900AA",
        "sendingToken": "0xe1d3495717f9534Db67A6A8d4940Dd17435b6A9E",
        "amount": "0.01",
        "dueToTimestamp": "1709912566",
        "dueToDuration": 2,
        "dueToDate": "Fri, 08 Mar 2024 15:42:46 GMT"
    },
    {
        "receiver": "0x6D9FE6B85Ff5d90639c89E48fF77C70b7477B8B6",
        "sendingToken": "0xe1d3495717f9534Db67A6A8d4940Dd17435b6A9E",
        "amount": "2565.689999999999934464",
        "dueToTimestamp": "1710124061",
        "dueToDuration": 4,
        "dueToDate": "Mon, 11 Mar 2024 02:27:41 GMT"
    },
    {
        "receiver": "0x036d6794fdDE4b5c4ED216503d0717783dF900AA",
        "sendingToken": "0xe1d3495717f9534Db67A6A8d4940Dd17435b6A9E",
        "amount": "2.0",
        "dueToTimestamp": "1710175982",
        "dueToDuration": 3,
        "dueToDate": "Mon, 11 Mar 2024 16:53:02 GMT"
    },
    {
        "receiver": "0x36195f583D288ACe3585a37bFB9076096F9119b5",
        "sendingToken": "0xe1d3495717f9534Db67A6A8d4940Dd17435b6A9E",
        "amount": "1479.849999999999934464",
        "dueToTimestamp": "1710266416",
        "dueToDuration": 4,
        "dueToDate": "Tue, 12 Mar 2024 18:00:16 GMT"
    },
    {
        "receiver": "0x95e90cc769EdF0cdBe9ff8A45b656D8316977bb2",
        "sendingToken": "0xe1d3495717f9534Db67A6A8d4940Dd17435b6A9E",
        "amount": "404.9",
        "dueToTimestamp": "1710299880",
        "dueToDuration": 4,
        "dueToDate": "Wed, 13 Mar 2024 03:18:00 GMT"
    },
    {
        "receiver": "0x40e131C84Dc5D7AADd69EE7dF1fa54fd162CFa06",
        "sendingToken": "0xe1d3495717f9534Db67A6A8d4940Dd17435b6A9E",
        "amount": "291.13",
        "dueToTimestamp": "1710328241",
        "dueToDuration": 4,
        "dueToDate": "Wed, 13 Mar 2024 11:10:41 GMT"
    },
    {
        "receiver": "0xe7Fc084d8e9C793bCCb086270474a0Ef5D0D43D4",
        "sendingToken": "0xe1d3495717f9534Db67A6A8d4940Dd17435b6A9E",
        "amount": "413.08",
        "dueToTimestamp": "1710434726",
        "dueToDuration": 4,
        "dueToDate": "Thu, 14 Mar 2024 16:45:26 GMT"
    },
    {
        "receiver": "0x036d6794fdDE4b5c4ED216503d0717783dF900AA",
        "sendingToken": "0xe1d3495717f9534Db67A6A8d4940Dd17435b6A9E",
        "amount": "0.1",
        "dueToTimestamp": "1710516460",
        "dueToDuration": 3,
        "dueToDate": "Fri, 15 Mar 2024 15:27:40 GMT"
    },
    {
        "receiver": "0x9E7a7746cBC10Df47fbe5bb63De6F40Df2755999",
        "sendingToken": "0xe1d3495717f9534Db67A6A8d4940Dd17435b6A9E",
        "amount": "238.0",
        "dueToTimestamp": "1710588622",
        "dueToDuration": 4,
        "dueToDate": "Sat, 16 Mar 2024 11:30:22 GMT"
    },
    {
        "receiver": "0xabD259AC0D3e94Ae65793B68cCbC0b6870E43Aa9",
        "sendingToken": "0xe1d3495717f9534Db67A6A8d4940Dd17435b6A9E",
        "amount": "163.91",
        "dueToTimestamp": "1710637835",
        "dueToDuration": 4,
        "dueToDate": "Sun, 17 Mar 2024 01:10:35 GMT"
    },
    {
        "receiver": "0xa775c8bAA01d219BD9443DaD3977A197364701b1",
        "sendingToken": "0xe1d3495717f9534Db67A6A8d4940Dd17435b6A9E",
        "amount": "1964.76",
        "dueToTimestamp": "1710638333",
        "dueToDuration": 4,
        "dueToDate": "Sun, 17 Mar 2024 01:18:53 GMT"
    },
    {
        "receiver": "0x78F187b1fa299271A39aea768b3C2d2ec4a7d12f",
        "sendingToken": "0xe1d3495717f9534Db67A6A8d4940Dd17435b6A9E",
        "amount": "1242.299999999999868928",
        "dueToTimestamp": "1710650418",
        "dueToDuration": 4,
        "dueToDate": "Sun, 17 Mar 2024 04:40:18 GMT"
    },
    {
        "receiver": "0xdBccc7309554D0810CC56aA6E04dbBA6C73Fa1De",
        "sendingToken": "0xe1d3495717f9534Db67A6A8d4940Dd17435b6A9E",
        "amount": "1198.289999999999934464",
        "dueToTimestamp": "1710678966",
        "dueToDuration": 4,
        "dueToDate": "Sun, 17 Mar 2024 12:36:06 GMT"
    },
    {
        "receiver": "0xD069aF03110e7b0E6869DFEBb4aa36B0280e88F6",
        "sendingToken": "0xe1d3495717f9534Db67A6A8d4940Dd17435b6A9E",
        "amount": "2460.0",
        "dueToTimestamp": "1710688258",
        "dueToDuration": 4,
        "dueToDate": "Sun, 17 Mar 2024 15:10:58 GMT"
    },
    {
        "receiver": "0x99937BB7a739787933392415b16a729B149dEAb4",
        "sendingToken": "0xe1d3495717f9534Db67A6A8d4940Dd17435b6A9E",
        "amount": "0.51",
        "dueToTimestamp": "1710708750",
        "dueToDuration": 4,
        "dueToDate": "Sun, 17 Mar 2024 20:52:30 GMT"
    },
    {
        "receiver": "0x8BB046a2A09eb2edd8671BD9f243810a850f3883",
        "sendingToken": "0xe1d3495717f9534Db67A6A8d4940Dd17435b6A9E",
        "amount": "173.22",
        "dueToTimestamp": "1710718419",
        "dueToDuration": 4,
        "dueToDate": "Sun, 17 Mar 2024 23:33:39 GMT"
    },
    {
        "receiver": "0x9438bfcE94d43D303BcaaFa035d71A88cCF839B7",
        "sendingToken": "0xe1d3495717f9534Db67A6A8d4940Dd17435b6A9E",
        "amount": "1700.0",
        "dueToTimestamp": "1710718779",
        "dueToDuration": 4,
        "dueToDate": "Sun, 17 Mar 2024 23:39:39 GMT"
    },
    {
        "receiver": "0xE843333827c3505d57aB3C64807550ae52E910aA",
        "sendingToken": "0xe1d3495717f9534Db67A6A8d4940Dd17435b6A9E",
        "amount": "72.7",
        "dueToTimestamp": "1710765208",
        "dueToDuration": 4,
        "dueToDate": "Mon, 18 Mar 2024 12:33:28 GMT"
    },
    {
        "receiver": "0x02cB7D03df28420027Ac8DB022328e00d2789dc4",
        "sendingToken": "0xe1d3495717f9534Db67A6A8d4940Dd17435b6A9E",
        "amount": "3119.800000000000262144",
        "dueToTimestamp": "1710843167",
        "dueToDuration": 4,
        "dueToDate": "Tue, 19 Mar 2024 10:12:47 GMT"
    },
    {
        "receiver": "0xEfD8AD10bE340fC83C9f338A8C3af35063ccbDFf",
        "sendingToken": "0xe1d3495717f9534Db67A6A8d4940Dd17435b6A9E",
        "amount": "4714.88",
        "dueToTimestamp": "1710884254",
        "dueToDuration": 4,
        "dueToDate": "Tue, 19 Mar 2024 21:37:34 GMT"
    },
    {
        "receiver": "0x71399e970fc6Af7F5A0Ed1FE7Eb9e450cBd3BD21",
        "sendingToken": "0xe1d3495717f9534Db67A6A8d4940Dd17435b6A9E",
        "amount": "98.0",
        "dueToTimestamp": "1710923715",
        "dueToDuration": 4,
        "dueToDate": "Wed, 20 Mar 2024 08:35:15 GMT"
    },
    {
        "receiver": "0x036d6794fdDE4b5c4ED216503d0717783dF900AA",
        "sendingToken": "0xe1d3495717f9534Db67A6A8d4940Dd17435b6A9E",
        "amount": "2.12",
        "dueToTimestamp": "1711023336",
        "dueToDuration": 3,
        "dueToDate": "Thu, 21 Mar 2024 12:15:36 GMT"
    },
    {
        "receiver": "0x2495d0E621b8F3895Ebe0ee2987EDb9A193fbbce",
        "sendingToken": "0xe1d3495717f9534Db67A6A8d4940Dd17435b6A9E",
        "amount": "311.12",
        "dueToTimestamp": "1711033506",
        "dueToDuration": 4,
        "dueToDate": "Thu, 21 Mar 2024 15:05:06 GMT"
    },
    {
        "receiver": "0x5F0aD91D90552D96Dc0B47dbAfA764db5aB1e97B",
        "sendingToken": "0xe1d3495717f9534Db67A6A8d4940Dd17435b6A9E",
        "amount": "72.7",
        "dueToTimestamp": "1711066506",
        "dueToDuration": 4,
        "dueToDate": "Fri, 22 Mar 2024 00:15:06 GMT"
    },
    {
        "receiver": "0xD51a235A96b0ADe231F5600aFf65AA7c81963C7e",
        "sendingToken": "0xe1d3495717f9534Db67A6A8d4940Dd17435b6A9E",
        "amount": "1000.0",
        "dueToTimestamp": "1711104342",
        "dueToDuration": 4,
        "dueToDate": "Fri, 22 Mar 2024 10:45:42 GMT"
    },
    {
        "receiver": "0x580B8A283005f58ef66F14CA9220E6f6F301EeE0",
        "sendingToken": "0xe1d3495717f9534Db67A6A8d4940Dd17435b6A9E",
        "amount": "2053.170000000000196608",
        "dueToTimestamp": "1711116920",
        "dueToDuration": 4,
        "dueToDate": "Fri, 22 Mar 2024 14:15:20 GMT"
    },
    {
        "receiver": "0x6882a1Df96185d33B33b8aeFA5641F7aF609C26B",
        "sendingToken": "0xe1d3495717f9534Db67A6A8d4940Dd17435b6A9E",
        "amount": "268.769999999999967232",
        "dueToTimestamp": "1711129712",
        "dueToDuration": 4,
        "dueToDate": "Fri, 22 Mar 2024 17:48:32 GMT"
    },
    {
        "receiver": "0x70A4aF2Fc61b9A89654b3161b1268Ec80A2BBAC0",
        "sendingToken": "0xe1d3495717f9534Db67A6A8d4940Dd17435b6A9E",
        "amount": "474.73",
        "dueToTimestamp": "1711215848",
        "dueToDuration": 4,
        "dueToDate": "Sat, 23 Mar 2024 17:44:08 GMT"
    },
    {
        "receiver": "0xa9cC5EC1046bF1E48B0a1aC6B6b1b3129fe0E31e",
        "sendingToken": "0xe1d3495717f9534Db67A6A8d4940Dd17435b6A9E",
        "amount": "363.82",
        "dueToTimestamp": "1711366921",
        "dueToDuration": 4,
        "dueToDate": "Mon, 25 Mar 2024 11:42:01 GMT"
    },
    {
        "receiver": "0x290226b6B5C6daAe68a57e626481E7caF900F754",
        "sendingToken": "0xe1d3495717f9534Db67A6A8d4940Dd17435b6A9E",
        "amount": "394.06",
        "dueToTimestamp": "1711386519",
        "dueToDuration": 4,
        "dueToDate": "Mon, 25 Mar 2024 17:08:39 GMT"
    },
    {
        "receiver": "0x76cF8125C4CD4358a04407EA1C4Ee6C2699f3CA8",
        "sendingToken": "0xe1d3495717f9534Db67A6A8d4940Dd17435b6A9E",
        "amount": "29.97",
        "dueToTimestamp": "1711432728",
        "dueToDuration": 4,
        "dueToDate": "Tue, 26 Mar 2024 05:58:48 GMT"
    },
    {
        "receiver": "0xdA4C645dc348c7e7a0B9A9a932CD8B167b57840B",
        "sendingToken": "0xe1d3495717f9534Db67A6A8d4940Dd17435b6A9E",
        "amount": "1236.16",
        "dueToTimestamp": "1711489473",
        "dueToDuration": 4,
        "dueToDate": "Tue, 26 Mar 2024 21:44:33 GMT"
    },
    {
        "receiver": "0x3938FF5dC1e5DaC979f6a67df44A1134A2BF6E83",
        "sendingToken": "0xe1d3495717f9534Db67A6A8d4940Dd17435b6A9E",
        "amount": "439.79",
        "dueToTimestamp": "1711557739",
        "dueToDuration": 4,
        "dueToDate": "Wed, 27 Mar 2024 16:42:19 GMT"
    },
    {
        "receiver": "0x059D08A7C7756c93bF71560D9655887d69186888",
        "sendingToken": "0xe1d3495717f9534Db67A6A8d4940Dd17435b6A9E",
        "amount": "173.0",
        "dueToTimestamp": "1711565065",
        "dueToDuration": 4,
        "dueToDate": "Wed, 27 Mar 2024 18:44:25 GMT"
    },
    {
        "receiver": "0x036d6794fdDE4b5c4ED216503d0717783dF900AA",
        "sendingToken": "0xe1d3495717f9534Db67A6A8d4940Dd17435b6A9E",
        "amount": "0.5",
        "dueToTimestamp": "1711566164",
        "dueToDuration": 4,
        "dueToDate": "Wed, 27 Mar 2024 19:02:44 GMT"
    },
    {
        "receiver": "0x036d6794fdDE4b5c4ED216503d0717783dF900AA",
        "sendingToken": "0xe1d3495717f9534Db67A6A8d4940Dd17435b6A9E",
        "amount": "0.3",
        "dueToTimestamp": "1711566215",
        "dueToDuration": 4,
        "dueToDate": "Wed, 27 Mar 2024 19:03:35 GMT"
    },
    {
        "receiver": "0x681079a144C73F2a3e136D34433b71EF94DCf8d1",
        "sendingToken": "0xe1d3495717f9534Db67A6A8d4940Dd17435b6A9E",
        "amount": "63.56",
        "dueToTimestamp": "1711627893",
        "dueToDuration": 4,
        "dueToDate": "Thu, 28 Mar 2024 12:11:33 GMT"
    },
    {
        "receiver": "0x7a617e8899eCB47F8178378681A27f5344C98813",
        "sendingToken": "0xe1d3495717f9534Db67A6A8d4940Dd17435b6A9E",
        "amount": "57.67",
        "dueToTimestamp": "1711672138",
        "dueToDuration": 4,
        "dueToDate": "Fri, 29 Mar 2024 00:28:58 GMT"
    },
    {
        "receiver": "0xac899bA58C574633504bB5c371Ac8B181F8BE4a7",
        "sendingToken": "0xe1d3495717f9534Db67A6A8d4940Dd17435b6A9E",
        "amount": "5000.0",
        "dueToTimestamp": "1711733076",
        "dueToDuration": 4,
        "dueToDate": "Fri, 29 Mar 2024 17:24:36 GMT"
    },
    {
        "receiver": "0xfD8717E0AF6974E1a062C9dE23B9e89773dCe3E1",
        "sendingToken": "0xe1d3495717f9534Db67A6A8d4940Dd17435b6A9E",
        "amount": "800.0",
        "dueToTimestamp": "1711733836",
        "dueToDuration": 4,
        "dueToDate": "Fri, 29 Mar 2024 17:37:16 GMT"
    },
    {
        "receiver": "0xd12a43cc391071EB73884F131eDe48beC120694C",
        "sendingToken": "0xe1d3495717f9534Db67A6A8d4940Dd17435b6A9E",
        "amount": "4959.219999999999868928",
        "dueToTimestamp": "1711780391",
        "dueToDuration": 4,
        "dueToDate": "Sat, 30 Mar 2024 06:33:11 GMT"
    },
    {
        "receiver": "0xF95CCF6D2B7Ede295F19Eb30A76E88203F958734",
        "sendingToken": "0xe1d3495717f9534Db67A6A8d4940Dd17435b6A9E",
        "amount": "33.75",
        "dueToTimestamp": "1711813664",
        "dueToDuration": 4,
        "dueToDate": "Sat, 30 Mar 2024 15:47:44 GMT"
    },
    {
        "receiver": "0x3c522a3dBA5A57e4944a737977c683853Fe20f4B",
        "sendingToken": "0xe1d3495717f9534Db67A6A8d4940Dd17435b6A9E",
        "amount": "176.16",
        "dueToTimestamp": "1711842298",
        "dueToDuration": 4,
        "dueToDate": "Sat, 30 Mar 2024 23:44:58 GMT"
    },
    {
        "receiver": "0x8f8BD7efdCAEa50771F171243889f73De4eE4059",
        "sendingToken": "0xe1d3495717f9534Db67A6A8d4940Dd17435b6A9E",
        "amount": "4785.369999999999410176",
        "dueToTimestamp": "1711892830",
        "dueToDuration": 4,
        "dueToDate": "Sun, 31 Mar 2024 13:47:10 GMT"
    },
    {
        "receiver": "0x8043363fC6Eb9A03cC245137ac4a33D4A0c9BEc1",
        "sendingToken": "0xe1d3495717f9534Db67A6A8d4940Dd17435b6A9E",
        "amount": "321.61",
        "dueToTimestamp": "1711995784",
        "dueToDuration": 4,
        "dueToDate": "Mon, 01 Apr 2024 18:23:04 GMT"
    },
    {
        "receiver": "0x1Abaa7667947cDB50c4566D278c8398F007954e5",
        "sendingToken": "0xe1d3495717f9534Db67A6A8d4940Dd17435b6A9E",
        "amount": "435.22",
        "dueToTimestamp": "1712013788",
        "dueToDuration": 4,
        "dueToDate": "Mon, 01 Apr 2024 23:23:08 GMT"
    },
    {
        "receiver": "0xB232b6791d83fCe7a99222c63a525c88c227A53D",
        "sendingToken": "0xe1d3495717f9534Db67A6A8d4940Dd17435b6A9E",
        "amount": "0.2",
        "dueToTimestamp": "1712156738",
        "dueToDuration": 4,
        "dueToDate": "Wed, 03 Apr 2024 15:05:38 GMT"
    },
    {
        "receiver": "0xA0E8C4f5f58a0fd783DbA40Cf89819c9Db7fB6f6",
        "sendingToken": "0xe1d3495717f9534Db67A6A8d4940Dd17435b6A9E",
        "amount": "561.73",
        "dueToTimestamp": "1712223957",
        "dueToDuration": 4,
        "dueToDate": "Thu, 04 Apr 2024 09:45:57 GMT"
    }
]